-- MySQL dump 10.13  Distrib 8.0.19, for Win64 (x86_64)
--
-- Host: localhost    Database: digifam2
-- ------------------------------------------------------
-- Server version	8.0.19

/*!40101 SET @OLD_CHARACTER_SET_CLIENT=@@CHARACTER_SET_CLIENT */;
/*!40101 SET @OLD_CHARACTER_SET_RESULTS=@@CHARACTER_SET_RESULTS */;
/*!40101 SET @OLD_COLLATION_CONNECTION=@@COLLATION_CONNECTION */;
/*!50503 SET NAMES utf8mb4 */;
/*!40103 SET @OLD_TIME_ZONE=@@TIME_ZONE */;
/*!40103 SET TIME_ZONE='+00:00' */;
/*!40014 SET @OLD_UNIQUE_CHECKS=@@UNIQUE_CHECKS, UNIQUE_CHECKS=0 */;
/*!40014 SET @OLD_FOREIGN_KEY_CHECKS=@@FOREIGN_KEY_CHECKS, FOREIGN_KEY_CHECKS=0 */;
/*!40101 SET @OLD_SQL_MODE=@@SQL_MODE, SQL_MODE='NO_AUTO_VALUE_ON_ZERO' */;
/*!40111 SET @OLD_SQL_NOTES=@@SQL_NOTES, SQL_NOTES=0 */;

--
-- Table structure for table `calender_event`
--

DROP TABLE IF EXISTS `calender_event`;
/*!40101 SET @saved_cs_client     = @@character_set_client */;
/*!50503 SET character_set_client = utf8mb4 */;
CREATE TABLE `calender_event` (
  `event_id` varchar(5) DEFAULT NULL,
  `user_id` varchar(5) DEFAULT NULL,
  `date` varchar(10) DEFAULT NULL,
  `organiser_event_user` varchar(50) DEFAULT NULL,
  `name` varchar(50) DEFAULT NULL,
  `priority` varchar(4) DEFAULT NULL,
  `event_type` varchar(20) DEFAULT NULL,
  `going` varchar(50) DEFAULT NULL
) ENGINE=InnoDB DEFAULT CHARSET=utf8mb4 COLLATE=utf8mb4_0900_ai_ci;
/*!40101 SET character_set_client = @saved_cs_client */;

--
-- Dumping data for table `calender_event`
--

LOCK TABLES `calender_event` WRITE;
/*!40000 ALTER TABLE `calender_event` DISABLE KEYS */;
INSERT INTO `calender_event` VALUES ('8','16','2020-03-23','Aura Andover','radical','4','Celebration','1'),('21','44','2020-03-25','Rochella Riccardini','info-mediaries','3','Birthday','0'),('11','42','2020-03-28','Lilli Hardiman','Re-contextualized','2','Funeral','0'),('2','27','2020-02-28','Nil Jenner','encryption','9','Birthday','0'),('21','15','2020-03-25','Rochella Riccardini','info-mediaries','6','Celebration','0'),('7','12','2020-02-22','Saunder Mallard','Team-oriented','1','Funeral','0'),('20','91','2020-04-01','Henry Sturm','Object-based','3','Funeral','0'),('10','85','2020-03-23','Giuseppe McSparran','benchmark','8','Funeral','0'),('14','99','2020-03-08','Todd McEwen','bottom-line','3','Birthday','0'),('18','12','2020-02-04','Maxy Farmery','intranet','7','Funeral','1'),('9','18','2020-02-18','Norbert Geldeford','content-based','4','Wedding','0'),('19','95','2020-03-30','Flemming Osichev','background','3','Celebration','0'),('7','11','2020-02-22','Saunder Mallard','Team-oriented','6','Birthday','1'),('11','25','2020-03-28','Lilli Hardiman','Re-contextualized','7','Celebration','0'),('14','15','2020-03-08','Todd McEwen','bottom-line','8','Birthday','0'),('21','85','2020-03-25','Rochella Riccardini','info-mediaries','2','Celebration','0'),('20','12','2020-04-01','Henry Sturm','Object-based','5','Wedding','1'),('17','79','2020-04-10','Norbert Geldeford','Graphic Interface','1','Wedding','1'),('17','70','2020-04-10','Norbert Geldeford','Graphic Interface','9','Wedding','1'),('6','85','2020-03-29','Lilli Hardiman','5th generation','2','Funeral','0'),('9','91','2020-02-18','Norbert Geldeford','content-based','7','Funeral','1'),('1','87','2020-03-18','Eward Reveland','Streamlined','5','Funeral','1'),('7','86','2020-02-22','Saunder Mallard','Team-oriented','7','Birthday','0'),('10','15','2020-03-23','Giuseppe McSparran','benchmark','8','Wedding','0'),('7','76','2020-02-22','Saunder Mallard','Team-oriented','5','Celebration','1'),('24','35','2020-03-28','Carmencita Loton','adapter','4','Funeral','1'),('14','9','2020-03-08','Todd McEwen','bottom-line','3','Funeral','0'),('25','82','2020-03-05','Reagan Grunder','customer loyalty','1','Celebration','0'),('18','79','2020-02-04','Maxy Farmery','intranet','2','Wedding','0'),('15','12','2020-03-06','Janetta Walthall','leverage','1','Celebration','1'),('23','70','2020-03-07','Latia Emerson','pricing structure','9','Wedding','1'),('5','15','2020-02-28','Pamelina Showte','Compatible','10','Wedding','0'),('6','43','2020-03-29','Lilli Hardiman','5th generation','3','Wedding','0'),('17','45','2020-04-10','Norbert Geldeford','Graphic Interface','5','Wedding','1'),('15','47','2020-03-06','Janetta Walthall','leverage','6','Birthday','0'),('13','73','2020-03-18','Maxy Farmery','open system','4','Funeral','1'),('15','73','2020-03-06','Janetta Walthall','leverage','6','Celebration','0'),('19','41','2020-03-30','Flemming Osichev','background','5','Celebration','0'),('2','54','2020-02-28','Nil Jenner','encryption','6','Celebration','1'),('1','30','2020-03-18','Eward Reveland','Streamlined','7','Birthday','0'),('15','93','2020-03-06','Janetta Walthall','leverage','4','Funeral','0'),('3','87','2020-04-07','Marna Southern','Managed','4','Funeral','1'),('11','6','2020-03-28','Lilli Hardiman','Re-contextualized','8','Wedding','0'),('3','12','2020-04-07','Marna Southern','Managed','4','Wedding','1'),('14','10','2020-03-08','Todd McEwen','bottom-line','1','Celebration','1'),('5','17','2020-02-28','Pamelina Showte','Compatible','9','Birthday','1'),('23','56','2020-03-07','Latia Emerson','pricing structure','8','Celebration','0'),('10','25','2020-03-23','Giuseppe McSparran','benchmark','3','Wedding','1'),('1','48','2020-03-18','Eward Reveland','Streamlined','10','Wedding','0'),('15','59','2020-03-06','Janetta Walthall','leverage','9','Birthday','0'),('7','91','2020-02-22','Saunder Mallard','Team-oriented','6','Funeral','0'),('17','28','2020-04-10','Norbert Geldeford','Graphic Interface','9','Celebration','0'),('17','99','2020-04-10','Norbert Geldeford','Graphic Interface','5','Celebration','1'),('2','88','2020-02-28','Nil Jenner','encryption','7','Celebration','0'),('1','60','2020-03-18','Eward Reveland','Streamlined','1','Funeral','0'),('22','10','2020-02-09','Raphaela Paiton','contextually-based','9','Birthday','0'),('13','63','2020-03-18','Maxy Farmery','open system','1','Celebration','0'),('22','13','2020-02-09','Raphaela Paiton','contextually-based','9','Birthday','1'),('23','82','2020-03-07','Latia Emerson','pricing structure','10','Funeral','0'),('2','71','2020-02-28','Nil Jenner','encryption','6','Wedding','0'),('1','22','2020-03-18','Eward Reveland','Streamlined','3','Wedding','0'),('21','36','2020-03-25','Rochella Riccardini','info-mediaries','9','Birthday','1'),('18','68','2020-02-04','Maxy Farmery','intranet','3','Funeral','0'),('14','42','2020-03-08','Todd McEwen','bottom-line','8','Celebration','0'),('13','64','2020-03-18','Maxy Farmery','open system','5','Funeral','0'),('1','10','2020-03-18','Eward Reveland','Streamlined','1','Wedding','1'),('9','95','2020-02-18','Norbert Geldeford','content-based','9','Celebration','1'),('18','1','2020-02-04','Maxy Farmery','intranet','1','Birthday','1'),('20','25','2020-04-01','Henry Sturm','Object-based','4','Wedding','0'),('16','38','2020-03-12','Maxy Farmery','attitude','6','Birthday','0'),('4','40','2020-03-01','Lilli Hardiman','database','10','Funeral','0'),('11','51','2020-03-28','Lilli Hardiman','Re-contextualized','7','Birthday','0'),('4','3','2020-03-01','Lilli Hardiman','database','4','Celebration','1'),('8','40','2020-03-23','Aura Andover','radical','9','Birthday','0'),('1','50','2020-03-18','Eward Reveland','Streamlined','9','Funeral','0'),('15','71','2020-03-06','Janetta Walthall','leverage','10','Wedding','0'),('18','80','2020-02-04','Maxy Farmery','intranet','6','Wedding','1'),('10','37','2020-03-23','Giuseppe McSparran','benchmark','2','Celebration','1'),('5','62','2020-02-28','Pamelina Showte','Compatible','4','Birthday','1'),('25','47','2020-03-05','Reagan Grunder','customer loyalty','7','Wedding','0'),('2','55','2020-02-28','Nil Jenner','encryption','7','Wedding','0'),('8','81','2020-03-23','Aura Andover','radical','8','Celebration','1'),('10','70','2020-03-23','Giuseppe McSparran','benchmark','6','Wedding','1'),('10','75','2020-03-23','Giuseppe McSparran','benchmark','8','Funeral','1'),('12','87','2020-02-19','Pamelina Showte','Enhanced','6','Celebration','1'),('21','100','2020-03-25','Rochella Riccardini','info-mediaries','4','Birthday','0'),('5','32','2020-02-28','Pamelina Showte','Compatible','8','Funeral','0'),('9','81','2020-02-18','Norbert Geldeford','content-based','10','Birthday','1'),('1','63','2020-03-18','Eward Reveland','Streamlined','6','Celebration','1'),('7','68','2020-02-22','Saunder Mallard','Team-oriented','10','Wedding','1'),('23','67','2020-03-07','Latia Emerson','pricing structure','5','Funeral','1'),('14','26','2020-03-08','Todd McEwen','bottom-line','4','Wedding','1'),('20','18','2020-04-01','Henry Sturm','Object-based','10','Celebration','0'),('4','41','2020-03-01','Lilli Hardiman','database','4','Celebration','0'),('4','90','2020-03-01','Lilli Hardiman','database','7','Birthday','1'),('13','30','2020-03-18','Maxy Farmery','open system','1','Celebration','0'),('12','93','2020-02-19','Pamelina Showte','Enhanced','2','Wedding','0'),('25','5','2020-03-05','Reagan Grunder','customer loyalty','8','Celebration','1'),('9','73','2020-02-18','Norbert Geldeford','content-based','2','Wedding','0'),('11','35','2020-03-28','Lilli Hardiman','Re-contextualized','5','Wedding','0'),('19','68','2020-03-30','Flemming Osichev','background',NULL,'Celebration','0'),('22','10','2020-02-09','Raphaela Paiton','contextually-based',NULL,'Celebration','1'),('9','2','2020-02-18','Norbert Geldeford','content-based',NULL,'Funeral','0'),('16','44','2020-03-12','Maxy Farmery','attitude',NULL,'Birthday','0'),('19','65','2020-03-30','Flemming Osichev','background',NULL,'Funeral','1'),('24','74','2020-03-28','Carmencita Loton','adapter',NULL,'Celebration','0'),('7','24','2020-02-22','Saunder Mallard','Team-oriented',NULL,'Celebration','0'),('10','79','2020-03-23','Giuseppe McSparran','benchmark',NULL,'Funeral','1'),('19','73','2020-03-30','Flemming Osichev','background',NULL,'Funeral','0'),('23','90','2020-03-07','Latia Emerson','pricing structure',NULL,'Funeral','0'),('1','11','2020-03-18','Eward Reveland','Streamlined',NULL,'Wedding','0'),('23','68','2020-03-07','Latia Emerson','pricing structure',NULL,'Funeral','0'),('4','29','2020-03-01','Lilli Hardiman','database',NULL,'Wedding','1'),('10','29','2020-03-23','Giuseppe McSparran','benchmark',NULL,'Funeral','1'),('25','71','2020-03-05','Reagan Grunder','customer loyalty',NULL,'Birthday','1'),('25','36','2020-03-05','Reagan Grunder','customer loyalty',NULL,'Birthday','1'),('14','69','2020-03-08','Todd McEwen','bottom-line',NULL,'Wedding','0'),('7','79','2020-02-22','Saunder Mallard','Team-oriented',NULL,'Wedding','1'),('3','47','2020-04-07','Marna Southern','Managed',NULL,'Wedding','1'),('9','98','2020-02-18','Norbert Geldeford','content-based',NULL,'Birthday','0'),('1','55','2020-03-18','Eward Reveland','Streamlined',NULL,'Celebration','0'),('12','84','2020-02-19','Pamelina Showte','Enhanced',NULL,'Funeral','1'),('25','29','2020-03-05','Reagan Grunder','customer loyalty',NULL,'Wedding','1'),('14','14','2020-03-08','Todd McEwen','bottom-line',NULL,'Wedding','0'),('2','71','2020-02-28','Nil Jenner','encryption',NULL,'Birthday','1'),('1','36','2020-03-18','Eward Reveland','Streamlined',NULL,'Birthday','0'),('8','89','2020-03-23','Aura Andover','radical',NULL,'Wedding','0'),('7','56','2020-02-22','Saunder Mallard','Team-oriented',NULL,'Funeral','1'),('9','96','2020-02-18','Norbert Geldeford','content-based',NULL,'Wedding','1'),('3','61','2020-04-07','Marna Southern','Managed',NULL,'Celebration','1'),('6','33','2020-03-29','Lilli Hardiman','5th generation',NULL,'Birthday','0'),('6','24','2020-03-29','Lilli Hardiman','5th generation',NULL,'Birthday','1'),('23','82','2020-03-07','Latia Emerson','pricing structure',NULL,'Birthday','0'),('2','32','2020-02-28','Nil Jenner','encryption',NULL,'Birthday','1'),('15','20','2020-03-06','Janetta Walthall','leverage',NULL,'Funeral','1'),('25','58','2020-03-05','Reagan Grunder','customer loyalty',NULL,'Funeral','0'),('5','88','2020-02-28','Pamelina Showte','Compatible',NULL,'Wedding','1'),('24','43','2020-03-28','Carmencita Loton','adapter',NULL,'Wedding','1'),('22','94','2020-02-09','Raphaela Paiton','contextually-based',NULL,'Funeral','1'),('16','84','2020-03-12','Maxy Farmery','attitude',NULL,'Wedding','1'),('7','87','2020-02-22','Saunder Mallard','Team-oriented',NULL,'Celebration','1'),('12','50','2020-02-19','Pamelina Showte','Enhanced',NULL,'Birthday','0'),('6','75','2020-03-29','Lilli Hardiman','5th generation',NULL,'Wedding','0'),('15','39','2020-03-06','Janetta Walthall','leverage',NULL,'Celebration','1'),('23','52','2020-03-07','Latia Emerson','pricing structure',NULL,'Funeral','1'),('22','32','2020-02-09','Raphaela Paiton','contextually-based',NULL,'Wedding','0'),('8','75','2020-03-23','Aura Andover','radical',NULL,'Celebration','0'),('18','14','2020-02-04','Maxy Farmery','intranet',NULL,'Celebration','0'),('23','25','2020-03-07','Latia Emerson','pricing structure',NULL,'Funeral','0'),('11','55','2020-03-28','Lilli Hardiman','Re-contextualized',NULL,'Wedding','0'),('25','65','2020-03-05','Reagan Grunder','customer loyalty',NULL,'Birthday','1'),('14','24','2020-03-08','Todd McEwen','bottom-line',NULL,'Funeral','0'),('10','31','2020-03-23','Giuseppe McSparran','benchmark',NULL,'Birthday','1'),('11','43','2020-03-28','Lilli Hardiman','Re-contextualized',NULL,'Celebration','0'),('25','29','2020-03-05','Reagan Grunder','customer loyalty',NULL,'Funeral','1'),('15','68','2020-03-06','Janetta Walthall','leverage',NULL,'Celebration','0'),('13','57','2020-03-18','Maxy Farmery','open system',NULL,'Celebration','1'),('14','25','2020-03-08','Todd McEwen','bottom-line',NULL,'Wedding','0'),('14','80','2020-03-08','Todd McEwen','bottom-line',NULL,'Funeral','0'),('15','52','2020-03-06','Janetta Walthall','leverage',NULL,'Celebration','1'),('23','18','2020-03-07','Latia Emerson','pricing structure',NULL,'Wedding','1'),('25','47','2020-03-05','Reagan Grunder','customer loyalty',NULL,'Wedding','0'),('17','72','2020-04-10','Norbert Geldeford','Graphic Interface',NULL,'Funeral','1'),('22','25','2020-02-09','Raphaela Paiton','contextually-based',NULL,'Birthday','0'),('3','28','2020-04-07','Marna Southern','Managed',NULL,'Wedding','0'),('23','86','2020-03-07','Latia Emerson','pricing structure',NULL,'Funeral','0'),('23','99','2020-03-07','Latia Emerson','pricing structure',NULL,'Funeral','1'),('25','10','2020-03-05','Reagan Grunder','customer loyalty',NULL,'Wedding','0'),('14','75','2020-03-08','Todd McEwen','bottom-line',NULL,'Funeral','0'),('7','16','2020-02-22','Saunder Mallard','Team-oriented',NULL,'Funeral','0'),('10','1','2020-03-23','Giuseppe McSparran','benchmark',NULL,'Celebration','0'),('2','26','2020-02-28','Nil Jenner','encryption',NULL,'Birthday','1'),('22','3','2020-02-09','Raphaela Paiton','contextually-based',NULL,'Wedding','0'),('18','25','2020-02-04','Maxy Farmery','intranet',NULL,'Funeral','1'),('15','6','2020-03-06','Janetta Walthall','leverage',NULL,'Birthday','1'),('17','42','2020-04-10','Norbert Geldeford','Graphic Interface',NULL,'Wedding','0'),('3','91','2020-04-07','Marna Southern','Managed',NULL,'Birthday','0'),('1','34','2020-03-18','Eward Reveland','Streamlined',NULL,'Celebration','1'),('19','68','2020-03-30','Flemming Osichev','background',NULL,'Funeral','0'),('23','5','2020-03-07','Latia Emerson','pricing structure',NULL,'Funeral','0'),('24','42','2020-03-28','Carmencita Loton','adapter',NULL,'Birthday','0'),('23','61','2020-03-07','Latia Emerson','pricing structure',NULL,'Wedding','1'),('24','48','2020-03-28','Carmencita Loton','adapter',NULL,'Funeral','1'),('10','83','2020-03-23','Giuseppe McSparran','benchmark',NULL,'Birthday','0'),('4','33','2020-03-01','Lilli Hardiman','database',NULL,'Celebration','0'),('3','9','2020-04-07','Marna Southern','Managed',NULL,'Celebration','0'),('21','55','2020-03-25','Rochella Riccardini','info-mediaries',NULL,'Funeral','1'),('23','60','2020-03-07','Latia Emerson','pricing structure',NULL,'Funeral','1'),('12','29','2020-02-19','Pamelina Showte','Enhanced',NULL,'Birthday','0'),('14','87','2020-03-08','Todd McEwen','bottom-line',NULL,'Birthday','0'),('5','42','2020-02-28','Pamelina Showte','Compatible',NULL,'Celebration','1'),('24','69','2020-03-28','Carmencita Loton','adapter',NULL,'Funeral','1'),('5','43','2020-02-28','Pamelina Showte','Compatible',NULL,'Birthday','0'),('11','74','2020-03-28','Lilli Hardiman','Re-contextualized',NULL,'Celebration','1'),('18','87','2020-02-04','Maxy Farmery','intranet',NULL,'Celebration','0'),('20','66','2020-04-01','Henry Sturm','Object-based',NULL,'Celebration','0'),('22','25','2020-02-09','Raphaela Paiton','contextually-based',NULL,'Funeral','1'),('25','1','2020-03-05','Reagan Grunder','customer loyalty',NULL,'Funeral','1'),('3','67','2020-04-07','Marna Southern','Managed',NULL,'Birthday','0'),('7','97','2020-02-22','Saunder Mallard','Team-oriented',NULL,'Wedding','1'),('10','63','2020-03-23','Giuseppe McSparran','benchmark','4','Funeral','1'),('17','36','2020-04-10','Norbert Geldeford','Graphic Interface','3','Funeral','0'),('13','74','2020-03-18','Maxy Farmery','open system','2','Wedding','1'),('15','86','2020-03-06','Janetta Walthall','leverage','9','Wedding','1'),('10','58','2020-03-23','Giuseppe McSparran','benchmark','6','Birthday','1'),('9','68','2020-02-18','Norbert Geldeford','content-based','1','Birthday','0'),('20','99','2020-04-01','Henry Sturm','Object-based','3','Birthday','0'),('25','48','2020-03-05','Reagan Grunder','customer loyalty','8','Funeral','0'),('2','46','2020-02-28','Nil Jenner','encryption','3','Wedding','1'),('21','52','2020-03-25','Rochella Riccardini','info-mediaries','7','Wedding','1'),('19','98','2020-03-30','Flemming Osichev','background','4','Funeral','1'),('20','35','2020-04-01','Henry Sturm','Object-based','3','Birthday','1'),('9','72','2020-02-18','Norbert Geldeford','content-based','6','Birthday','0'),('16','48','2020-03-12','Maxy Farmery','attitude','7','Celebration','0'),('22','84','2020-02-09','Raphaela Paiton','contextually-based','8','Celebration','0'),('20','29','2020-04-01','Henry Sturm','Object-based','2','Celebration','0'),('13','60','2020-03-18','Maxy Farmery','open system','5','Celebration','1'),('13','71','2020-03-18','Maxy Farmery','open system','1','Birthday','1'),('24','38','2020-03-28','Carmencita Loton','adapter','9','Birthday','0'),('11','95','2020-03-28','Lilli Hardiman','Re-contextualized','2','Funeral','1'),('21','90','2020-03-25','Rochella Riccardini','info-mediaries','7','Celebration','1'),('9','68','2020-02-18','Norbert Geldeford','content-based','5','Birthday','1'),('12','59','2020-02-19','Pamelina Showte','Enhanced','7','Funeral','0'),('22','17','2020-02-09','Raphaela Paiton','contextually-based','8','Wedding','0'),('10','46','2020-03-23','Giuseppe McSparran','benchmark','5','Celebration','1'),('1','69','2020-03-18','Eward Reveland','Streamlined','4','Celebration','0'),('13','51','2020-03-18','Maxy Farmery','open system','3','Wedding','0'),('23','76','2020-03-07','Latia Emerson','pricing structure','1','Wedding','0'),('15','100','2020-03-06','Janetta Walthall','leverage','2','Celebration','1'),('15','51','2020-03-06','Janetta Walthall','leverage','1','Celebration','1'),('17','44','2020-04-10','Norbert Geldeford','Graphic Interface','9','Wedding','1'),('4','31','2020-03-01','Lilli Hardiman','database','10','Birthday','0'),('3','51','2020-04-07','Marna Southern','Managed','3','Birthday','0'),('10','10','2020-03-23','Giuseppe McSparran','benchmark','5','Funeral','1'),('3','24','2020-04-07','Marna Southern','Managed','6','Wedding','1'),('7','6','2020-02-22','Saunder Mallard','Team-oriented','4','Birthday','1'),('6','25','2020-03-29','Lilli Hardiman','5th generation','6','Birthday','0'),('20','22','2020-04-01','Henry Sturm','Object-based','5','Birthday','0'),('22','12','2020-02-09','Raphaela Paiton','contextually-based','6','Wedding','1'),('8','78','2020-03-23','Aura Andover','radical','7','Celebration','0'),('3','94','2020-04-07','Marna Southern','Managed','4','Funeral','1'),('17','32','2020-04-10','Norbert Geldeford','Graphic Interface','4','Birthday','0'),('2','16','2020-02-28','Nil Jenner','encryption','8','Birthday','1'),('3','15','2020-04-07','Marna Southern','Managed','4','Funeral','1'),('1','100','2020-03-18','Eward Reveland','Streamlined','1','Funeral','1'),('16','64','2020-03-12','Maxy Farmery','attitude','9','Celebration','1'),('25','34','2020-03-05','Reagan Grunder','customer loyalty','8','Celebration','1'),('6','38','2020-03-29','Lilli Hardiman','5th generation','3','Funeral','0'),('6','96','2020-03-29','Lilli Hardiman','5th generation','10','Funeral','0'),('19','33','2020-03-30','Flemming Osichev','background','9','Wedding','0'),('23','61','2020-03-07','Latia Emerson','pricing structure','6','Funeral','0'),('16','95','2020-03-12','Maxy Farmery','attitude','9','Funeral','1'),('16','21','2020-03-12','Maxy Farmery','attitude','5','Funeral','1'),('6','4','2020-03-29','Lilli Hardiman','5th generation','7','Birthday','0'),('24','84','2020-03-28','Carmencita Loton','adapter','1','Wedding','0'),('17','74','2020-04-10','Norbert Geldeford','Graphic Interface','9','Wedding','0'),('21','1','2020-03-25','Rochella Riccardini','info-mediaries','1','Celebration','1'),('16','99','2020-03-12','Maxy Farmery','attitude','9','Birthday','1'),('22','58','2020-02-09','Raphaela Paiton','contextually-based','10','Funeral','1'),('11','87','2020-03-28','Lilli Hardiman','Re-contextualized','6','Funeral','1'),('12','19','2020-02-19','Pamelina Showte','Enhanced','3','Celebration','0'),('14','46','2020-03-08','Todd McEwen','bottom-line','9','Birthday','0'),('24','56','2020-03-28','Carmencita Loton','adapter','3','Funeral','0'),('2','50','2020-02-28','Nil Jenner','encryption','8','Birthday','1'),('1','61','2020-03-18','Eward Reveland','Streamlined','5','Celebration','1'),('4','22','2020-03-01','Lilli Hardiman','database','1','Funeral','0'),('8','34','2020-03-23','Aura Andover','radical','9','Birthday','0'),('25','30','2020-03-05','Reagan Grunder','customer loyalty','1','Celebration','0'),('12','35','2020-02-19','Pamelina Showte','Enhanced','4','Wedding','1'),('23','28','2020-03-07','Latia Emerson','pricing structure','6','Birthday','0'),('13','90','2020-03-18','Maxy Farmery','open system','10','Birthday','1'),('3','94','2020-04-07','Marna Southern','Managed','7','Funeral','0'),('1','14','2020-03-18','Eward Reveland','Streamlined','4','Celebration','1'),('17','83','2020-04-10','Norbert Geldeford','Graphic Interface','9','Celebration','1'),('24','2','2020-03-28','Carmencita Loton','adapter','9','Wedding','0'),('20','8','2020-04-01','Henry Sturm','Object-based','10','Celebration','1'),('20','60','2020-04-01','Henry Sturm','Object-based','6','Celebration','1'),('20','88','2020-04-01','Henry Sturm','Object-based','2','Funeral','1'),('2','19','2020-02-28','Nil Jenner','encryption','4','Birthday','0'),('22','64','2020-02-09','Raphaela Paiton','contextually-based','7','Funeral','1'),('7','73','2020-02-22','Saunder Mallard','Team-oriented','7','Celebration','0'),('4','78','2020-03-01','Lilli Hardiman','database','8','Birthday','0'),('10','98','2020-03-23','Giuseppe McSparran','benchmark','6','Celebration','0'),('13','98','2020-03-18','Maxy Farmery','open system','8','Wedding','0'),('12','82','2020-02-19','Pamelina Showte','Enhanced','6','Celebration','0'),('8','64','2020-03-23','Aura Andover','radical','4','Funeral','0'),('2','8','2020-02-28','Nil Jenner','encryption','8','Birthday','1'),('16','23','2020-03-12','Maxy Farmery','attitude','10','Birthday','1'),('2','67','2020-02-28','Nil Jenner','encryption','6','Funeral','1'),('13','16','2020-03-18','Maxy Farmery','open system','10','Birthday','1'),('15','91','2020-03-06','Janetta Walthall','leverage','5','Wedding','1'),('15','77','2020-03-06','Janetta Walthall','leverage','4','Birthday','1'),('23','46','2020-03-07','Latia Emerson','pricing structure','10','Funeral','0'),('2','13','2020-02-28','Nil Jenner','encryption','4','Celebration','1'),('7','38','2020-02-22','Saunder Mallard','Team-oriented','7','Birthday','0'),('3','39','2020-04-07','Marna Southern','Managed','1','Birthday','1'),('1','42','2020-03-18','Eward Reveland','Streamlined','2','Celebration','1'),('14','77','2020-03-08','Todd McEwen','bottom-line','8','Birthday','1'),('6','40','2020-03-29','Lilli Hardiman','5th generation','2','Wedding','0'),('11','48','2020-03-28','Lilli Hardiman','Re-contextualized','5','Funeral','0'),('13','76','2020-03-18','Maxy Farmery','open system',NULL,'Celebration','0'),('18','67','2020-02-04','Maxy Farmery','intranet',NULL,'Wedding','1'),('18','100','2020-02-04','Maxy Farmery','intranet',NULL,'Celebration','1'),('23','11','2020-03-07','Latia Emerson','pricing structure',NULL,'Funeral','1'),('25','17','2020-03-05','Reagan Grunder','customer loyalty',NULL,'Wedding','0'),('15','72','2020-03-06','Janetta Walthall','leverage',NULL,'Birthday','0'),('15','76','2020-03-06','Janetta Walthall','leverage',NULL,'Celebration','1'),('25','77','2020-03-05','Reagan Grunder','customer loyalty',NULL,'Birthday','1'),('17','58','2020-04-10','Norbert Geldeford','Graphic Interface',NULL,'Birthday','1'),('6','81','2020-03-29','Lilli Hardiman','5th generation',NULL,'Celebration','1'),('25','85','2020-03-05','Reagan Grunder','customer loyalty',NULL,'Birthday','0'),('18','6','2020-02-04','Maxy Farmery','intranet',NULL,'Funeral','1'),('24','6','2020-03-28','Carmencita Loton','adapter',NULL,'Celebration','1'),('24','5','2020-03-28','Carmencita Loton','adapter',NULL,'Wedding','1'),('25','75','2020-03-05','Reagan Grunder','customer loyalty',NULL,'Celebration','1'),('23','28','2020-03-07','Latia Emerson','pricing structure',NULL,'Birthday','1'),('19','44','2020-03-30','Flemming Osichev','background',NULL,'Birthday','1'),('9','82','2020-02-18','Norbert Geldeford','content-based',NULL,'Wedding','0'),('5','24','2020-02-28','Pamelina Showte','Compatible',NULL,'Wedding','0'),('9','50','2020-02-18','Norbert Geldeford','content-based',NULL,'Birthday','1'),('20','52','2020-04-01','Henry Sturm','Object-based',NULL,'Birthday','0'),('9','42','2020-02-18','Norbert Geldeford','content-based',NULL,'Celebration','1'),('21','93','2020-03-25','Rochella Riccardini','info-mediaries',NULL,'Wedding','0'),('21','55','2020-03-25','Rochella Riccardini','info-mediaries',NULL,'Funeral','1'),('24','24','2020-03-28','Carmencita Loton','adapter',NULL,'Celebration','1'),('14','29','2020-03-08','Todd McEwen','bottom-line',NULL,'Wedding','0'),('5','98','2020-02-28','Pamelina Showte','Compatible',NULL,'Birthday','1'),('23','79','2020-03-07','Latia Emerson','pricing structure',NULL,'Wedding','1'),('17','67','2020-04-10','Norbert Geldeford','Graphic Interface',NULL,'Celebration','0'),('7','81','2020-02-22','Saunder Mallard','Team-oriented',NULL,'Wedding','1'),('6','72','2020-03-29','Lilli Hardiman','5th generation',NULL,'Celebration','1'),('12','40','2020-02-19','Pamelina Showte','Enhanced',NULL,'Funeral','0'),('19','78','2020-03-30','Flemming Osichev','background',NULL,'Birthday','1'),('14','5','2020-03-08','Todd McEwen','bottom-line',NULL,'Celebration','0'),('23','94','2020-03-07','Latia Emerson','pricing structure',NULL,'Wedding','0'),('13','63','2020-03-18','Maxy Farmery','open system',NULL,'Celebration','0'),('13','77','2020-03-18','Maxy Farmery','open system',NULL,'Wedding','1'),('17','38','2020-04-10','Norbert Geldeford','Graphic Interface',NULL,'Birthday','0'),('19','25','2020-03-30','Flemming Osichev','background',NULL,'Celebration','0'),('21','7','2020-03-25','Rochella Riccardini','info-mediaries',NULL,'Funeral','1'),('22','83','2020-02-09','Raphaela Paiton','contextually-based',NULL,'Funeral','1'),('19','12','2020-03-30','Flemming Osichev','background',NULL,'Wedding','1'),('12','53','2020-02-19','Pamelina Showte','Enhanced',NULL,'Birthday','0'),('1','61','2020-03-18','Eward Reveland','Streamlined',NULL,'Birthday','1'),('7','47','2020-02-22','Saunder Mallard','Team-oriented',NULL,'Funeral','0'),('17','27','2020-04-10','Norbert Geldeford','Graphic Interface',NULL,'Birthday','1'),('6','93','2020-03-29','Lilli Hardiman','5th generation',NULL,'Funeral','0'),('11','91','2020-03-28','Lilli Hardiman','Re-contextualized',NULL,'Birthday','0'),('20','75','2020-04-01','Henry Sturm','Object-based',NULL,'Funeral','1'),('23','61','2020-03-07','Latia Emerson','pricing structure',NULL,'Celebration','0'),('14','67','2020-03-08','Todd McEwen','bottom-line',NULL,'Funeral','1'),('23','52','2020-03-07','Latia Emerson','pricing structure',NULL,'Birthday','0'),('14','73','2020-03-08','Todd McEwen','bottom-line',NULL,'Funeral','0'),('1','53','2020-03-18','Eward Reveland','Streamlined',NULL,'Celebration','1'),('14','25','2020-03-08','Todd McEwen','bottom-line',NULL,'Birthday','0'),('20','49','2020-04-01','Henry Sturm','Object-based',NULL,'Funeral','0'),('9','20','2020-02-18','Norbert Geldeford','content-based',NULL,'Celebration','1'),('5','65','2020-02-28','Pamelina Showte','Compatible',NULL,'Celebration','0'),('16','92','2020-03-12','Maxy Farmery','attitude',NULL,'Birthday','0'),('25','49','2020-03-05','Reagan Grunder','customer loyalty',NULL,'Wedding','1'),('14','14','2020-03-08','Todd McEwen','bottom-line',NULL,'Birthday','1'),('25','36','2020-03-05','Reagan Grunder','customer loyalty',NULL,'Celebration','1'),('7','24','2020-02-22','Saunder Mallard','Team-oriented',NULL,'Celebration','0'),('17','87','2020-04-10','Norbert Geldeford','Graphic Interface',NULL,'Birthday','0'),('9','88','2020-02-18','Norbert Geldeford','content-based',NULL,'Funeral','1'),('10','90','2020-03-23','Giuseppe McSparran','benchmark',NULL,'Celebration','1'),('11','4','2020-03-28','Lilli Hardiman','Re-contextualized',NULL,'Birthday','1'),('16','42','2020-03-12','Maxy Farmery','attitude',NULL,'Celebration','0'),('16','87','2020-03-12','Maxy Farmery','attitude',NULL,'Birthday','0'),('5','85','2020-02-28','Pamelina Showte','Compatible',NULL,'Celebration','1'),('19','80','2020-03-30','Flemming Osichev','background',NULL,'Funeral','1'),('5','30','2020-02-28','Pamelina Showte','Compatible',NULL,'Funeral','1'),('14','35','2020-03-08','Todd McEwen','bottom-line',NULL,'Celebration','1'),('3','15','2020-04-07','Marna Southern','Managed',NULL,'Wedding','1'),('11','5','2020-03-28','Lilli Hardiman','Re-contextualized',NULL,'Birthday','0'),('23','92','2020-03-07','Latia Emerson','pricing structure',NULL,'Wedding','1'),('2','14','2020-02-28','Nil Jenner','encryption',NULL,'Celebration','1'),('4','91','2020-03-01','Lilli Hardiman','database',NULL,'Birthday','1'),('13','30','2020-03-18','Maxy Farmery','open system',NULL,'Wedding','1'),('1','62','2020-03-18','Eward Reveland','Streamlined',NULL,'Celebration','0'),('16','15','2020-03-12','Maxy Farmery','attitude',NULL,'Celebration','1'),('4','29','2020-03-01','Lilli Hardiman','database',NULL,'Funeral','1'),('23','37','2020-03-07','Latia Emerson','pricing structure',NULL,'Wedding','0'),('1','33','2020-03-18','Eward Reveland','Streamlined',NULL,'Wedding','1'),('25','100','2020-03-05','Reagan Grunder','customer loyalty',NULL,'Funeral','1'),('5','31','2020-02-28','Pamelina Showte','Compatible',NULL,'Celebration','1'),('25','32','2020-03-05','Reagan Grunder','customer loyalty',NULL,'Wedding','1'),('17','44','2020-04-10','Norbert Geldeford','Graphic Interface',NULL,'Wedding','1'),('4','28','2020-03-01','Lilli Hardiman','database',NULL,'Birthday','0'),('22','88','2020-02-09','Raphaela Paiton','contextually-based',NULL,'Funeral','0'),('1','82','2020-03-18','Eward Reveland','Streamlined',NULL,'Funeral','1'),('24','85','2020-03-28','Carmencita Loton','adapter',NULL,'Wedding','0'),('13','40','2020-03-18','Maxy Farmery','open system',NULL,'Wedding','1'),('9','7','2020-02-18','Norbert Geldeford','content-based',NULL,'Birthday','1'),('3','59','2020-04-07','Marna Southern','Managed',NULL,'Celebration','1'),('3','61','2020-04-07','Marna Southern','Managed',NULL,'Birthday','0'),('16','57','2020-03-12','Maxy Farmery','attitude',NULL,'Funeral','1'),('21','98','2020-03-25','Rochella Riccardini','info-mediaries',NULL,'Wedding','0'),('14','96','2020-03-08','Todd McEwen','bottom-line',NULL,'Birthday','0'),('6','85','2020-03-29','Lilli Hardiman','5th generation',NULL,'Birthday','1'),('13','36','2020-03-18','Maxy Farmery','open system','4','Celebration','1'),('12','86','2020-02-19','Pamelina Showte','Enhanced','3','Funeral','1'),('17','70','2020-04-10','Norbert Geldeford','Graphic Interface','2','Wedding','0'),('12','60','2020-02-19','Pamelina Showte','Enhanced','9','Wedding','1'),('25','53','2020-03-05','Reagan Grunder','customer loyalty','6','Celebration','0'),('15','61','2020-03-06','Janetta Walthall','leverage','1','Wedding','0'),('9','74','2020-02-18','Norbert Geldeford','content-based','3','Celebration','1'),('13','32','2020-03-18','Maxy Farmery','open system','8','Birthday','0'),('21','95','2020-03-25','Rochella Riccardini','info-mediaries','3','Celebration','1'),('16','53','2020-03-12','Maxy Farmery','attitude','7','Celebration','0'),('15','25','2020-03-06','Janetta Walthall','leverage','4','Birthday','0'),('1','94','2020-03-18','Eward Reveland','Streamlined','3','Birthday','0'),('23','26','2020-03-07','Latia Emerson','pricing structure','6','Wedding','1'),('23','31','2020-03-07','Latia Emerson','pricing structure','7','Wedding','1'),('25','62','2020-03-05','Reagan Grunder','customer loyalty','8','Wedding','1'),('4','7','2020-03-01','Lilli Hardiman','database','2','Birthday','1'),('2','32','2020-02-28','Nil Jenner','encryption','5','Birthday','1'),('17','68','2020-04-10','Norbert Geldeford','Graphic Interface','1','Wedding','1'),('4','63','2020-03-01','Lilli Hardiman','database','9','Birthday','0'),('7','80','2020-02-22','Saunder Mallard','Team-oriented','2','Birthday','0'),('8','64','2020-03-23','Aura Andover','radical','7','Funeral','1'),('25','4','2020-03-05','Reagan Grunder','customer loyalty','5','Birthday','1'),('24','57','2020-03-28','Carmencita Loton','adapter','7','Wedding','1'),('24','82','2020-03-28','Carmencita Loton','adapter','8','Birthday','1'),('10','76','2020-03-23','Giuseppe McSparran','benchmark','5','Birthday','0'),('16','88','2020-03-12','Maxy Farmery','attitude','4','Birthday','0'),('4','60','2020-03-01','Lilli Hardiman','database','3','Wedding','0'),('21','73','2020-03-25','Rochella Riccardini','info-mediaries','1','Celebration','0'),('23','47','2020-03-07','Latia Emerson','pricing structure','2','Funeral','0'),('3','46','2020-04-07','Marna Southern','Managed','1','Funeral','1'),('16','95','2020-03-12','Maxy Farmery','attitude','9','Birthday','0'),('23','99','2020-03-07','Latia Emerson','pricing structure','10','Birthday','0'),('3','52','2020-04-07','Marna Southern','Managed','3','Birthday','0'),('19','64','2020-03-30','Flemming Osichev','background','5','Funeral','0'),('23','24','2020-03-07','Latia Emerson','pricing structure','6','Birthday','1'),('13','88','2020-03-18','Maxy Farmery','open system','4','Birthday','0'),('5','16','2020-02-28','Pamelina Showte','Compatible','6','Funeral','1'),('11','81','2020-03-28','Lilli Hardiman','Re-contextualized','5','Birthday','1'),('11','64','2020-03-28','Lilli Hardiman','Re-contextualized','6','Celebration','1'),('22','49','2020-02-09','Raphaela Paiton','contextually-based','7','Wedding','0'),('23','43','2020-03-07','Latia Emerson','pricing structure','4','Wedding','0'),('11','68','2020-03-28','Lilli Hardiman','Re-contextualized','4','Celebration','1'),('20','87','2020-04-01','Henry Sturm','Object-based','8','Wedding','0'),('5','87','2020-02-28','Pamelina Showte','Compatible','4','Funeral','1'),('9','29','2020-02-18','Norbert Geldeford','content-based','1','Celebration','1'),('7','93','2020-02-22','Saunder Mallard','Team-oriented','9','Wedding','1'),('22','40','2020-02-09','Raphaela Paiton','contextually-based','8','Wedding','0'),('1','43','2020-03-18','Eward Reveland','Streamlined','3','Funeral','0'),('3','74','2020-04-07','Marna Southern','Managed','10','Wedding','0'),('25','88','2020-03-05','Reagan Grunder','customer loyalty','9','Wedding','0'),('5','3','2020-02-28','Pamelina Showte','Compatible','6','Wedding','0'),('16','97','2020-03-12','Maxy Farmery','attitude','9','Wedding','1'),('7','31','2020-02-22','Saunder Mallard','Team-oriented','5','Birthday','1'),('4','84','2020-03-01','Lilli Hardiman','database','7','Funeral','1'),('2','70','2020-02-28','Nil Jenner','encryption','1','Celebration','0'),('9','29','2020-02-18','Norbert Geldeford','content-based','9','Wedding','0'),('23','78','2020-03-07','Latia Emerson','pricing structure','1','Birthday','1'),('3','84','2020-04-07','Marna Southern','Managed','9','Funeral','1'),('19','5','2020-03-30','Flemming Osichev','background','10','Celebration','1'),('5','27','2020-02-28','Pamelina Showte','Compatible','6','Celebration','0'),('7','97','2020-02-22','Saunder Mallard','Team-oriented','3','Funeral','1'),('17','20','2020-04-10','Norbert Geldeford','Graphic Interface','9','Celebration','0'),('6','38','2020-03-29','Lilli Hardiman','5th generation','3','Celebration','0'),('15','54','2020-03-06','Janetta Walthall','leverage','8','Birthday','1'),('17','11','2020-04-10','Norbert Geldeford','Graphic Interface','5','Funeral','1'),('17','33','2020-04-10','Norbert Geldeford','Graphic Interface','1','Funeral','0'),('2','29','2020-02-28','Nil Jenner','encryption','9','Wedding','1'),('1','39','2020-03-18','Eward Reveland','Streamlined','1','Wedding','0'),('16','16','2020-03-12','Maxy Farmery','attitude','4','Birthday','1'),('19','88','2020-03-30','Flemming Osichev','background','6','Celebration','0'),('13','60','2020-03-18','Maxy Farmery','open system','10','Celebration','0'),('18','65','2020-02-04','Maxy Farmery','intranet','7','Wedding','1'),('7','88','2020-02-22','Saunder Mallard','Team-oriented','4','Birthday','1'),('23','24','2020-03-07','Latia Emerson','pricing structure','9','Funeral','0'),('6','25','2020-03-29','Lilli Hardiman','5th generation','9','Birthday','1'),('22','33','2020-02-09','Raphaela Paiton','contextually-based','10','Birthday','0'),('19','40','2020-03-30','Flemming Osichev','background','6','Wedding','0'),('12','8','2020-02-19','Pamelina Showte','Enhanced','2','Wedding','0'),('7','48','2020-02-22','Saunder Mallard','Team-oriented','4','Funeral','0'),('23','28','2020-03-07','Latia Emerson','pricing structure','7','Funeral','1'),('24','30','2020-03-28','Carmencita Loton','adapter','7','Funeral','0'),('12','36','2020-02-19','Pamelina Showte','Enhanced','8','Celebration','0'),('22','71','2020-02-09','Raphaela Paiton','contextually-based','6','Birthday','0'),('18','76','2020-02-04','Maxy Farmery','intranet','8','Birthday','0'),('5','59','2020-02-28','Pamelina Showte','Compatible','6','Birthday','1'),('9','1','2020-02-18','Norbert Geldeford','content-based','4','Birthday','1'),('12','16','2020-02-19','Pamelina Showte','Enhanced','8','Wedding','0'),('9','92','2020-02-18','Norbert Geldeford','content-based','10','Wedding','0'),('5','40','2020-02-28','Pamelina Showte','Compatible','6','Celebration','0'),('22','77','2020-02-09','Raphaela Paiton','contextually-based','10','Birthday','1'),('12','72','2020-02-19','Pamelina Showte','Enhanced','5','Birthday','1'),('2','78','2020-02-28','Nil Jenner','encryption','4','Birthday','0'),('18','7','2020-02-04','Maxy Farmery','intranet','10','Funeral','0'),('5','47','2020-02-28','Pamelina Showte','Compatible','4','Birthday','0'),('2','63','2020-02-28','Nil Jenner','encryption','7','Birthday','0'),('25','41','2020-03-05','Reagan Grunder','customer loyalty','1','Wedding','1'),('5','4','2020-02-28','Pamelina Showte','Compatible','2','Birthday','1'),('1','9','2020-03-18','Eward Reveland','Streamlined','8','Funeral','1'),('10','27','2020-03-23','Giuseppe McSparran','benchmark','2','Birthday','0'),('8','51','2020-03-23','Aura Andover','radical','5','Funeral','0');
/*!40000 ALTER TABLE `calender_event` ENABLE KEYS */;
UNLOCK TABLES;

--
-- Table structure for table `event`
--

DROP TABLE IF EXISTS `event`;
/*!40101 SET @saved_cs_client     = @@character_set_client */;
/*!50503 SET character_set_client = utf8mb4 */;
CREATE TABLE `event` (
  `Event_id` int DEFAULT NULL,
  `Organiser_name` varchar(50) DEFAULT NULL,
  `Organiser_id` varchar(9) DEFAULT NULL,
  `Date` date DEFAULT NULL,
  `Venue` varchar(50) DEFAULT NULL,
  `Time` varchar(50) DEFAULT NULL,
  `Dress_code` varchar(50) DEFAULT NULL,
  `Event_name` varchar(50) DEFAULT NULL
) ENGINE=InnoDB DEFAULT CHARSET=utf8mb4 COLLATE=utf8mb4_0900_ai_ci;
/*!40101 SET character_set_client = @saved_cs_client */;

--
-- Dumping data for table `event`
--

LOCK TABLES `event` WRITE;
/*!40000 ALTER TABLE `event` DISABLE KEYS */;
INSERT INTO `event` VALUES (1,'Cecilio Lammert','57','2020-03-02','Nancy','11:53 PM','Violet','Function-based'),(2,'Luigi Mangham','41','2020-04-02','Sachtjen','10:53 PM','Turquoise','moderator'),(3,'Friedrick Dargue','66','2020-04-05','Redwing','11:08 PM','Crimson','knowledge base'),(4,'Quinn Didsbury','63','2020-03-19','Division','8:57 PM','Goldenrod','extranet'),(5,'Garek Raysdale','98','2020-02-28','Lillian','8:59 PM','Blue','Universal'),(6,'Merle Flemyng','80','2020-03-14','Vahlen','9:44 PM','Purple','Front-line'),(7,'Quinn Didsbury','63','2020-03-29','Tomscot','11:12 PM','Orange','Reactive'),(8,'Lilli Hardiman','46','2020-02-29','Ohio','11:31 PM','Aquamarine','5th generation'),(9,'Katey Addy','74','2020-02-22','Scoville','7:30 PM','Blue','software'),(10,'Jesse Maryska','70','2020-03-28','Barby','10:32 PM','Teal','policy'),(11,'Justinn Francesconi','75','2020-03-29','Jackson','7:17 PM','Green','Upgradable'),(12,'Katey Addy','74','2020-02-13','Mallard','7:03 PM','Yellow','Optimized'),(13,'Gareth Sherwood','60','2020-02-19','Forest','9:33 PM','Blue','attitude-oriented'),(14,'Norah Milson','87','2020-03-21','Havey','11:13 PM','Maroon','synergy'),(15,'Flemming Osichev','35','2020-02-07','Northridge','8:43 PM','Red','Diverse'),(16,'Ynes Corsor','2','2020-04-07','Pearson','7:36 PM','Goldenrod','productivity'),(17,'Janie Caroli','64','2020-02-24','Shopko','8:28 PM','Puce','Down-sized'),(18,'Jesse Maryska','70','2020-02-28','Arizona','11:54 PM','Maroon','Proactive'),(19,'Gan Dunseath','67','2020-02-10','Fulton','8:40 PM','Puce','firmware'),(20,'Janean Prodrick','55','2020-02-17','Kipling','9:10 PM','Mauv','project'),(21,'Noble Founds','52','2020-04-07','Melrose','10:36 PM','Purple','Balanced'),(22,'Celina Oldis','30','2020-02-07','Swallow','9:28 PM','Teal','Graphical User Interface'),(23,'Virginie Loakes','28','2020-03-28','Northridge','10:44 PM','Turquoise','Monitored'),(24,'Kissiah Calrow','79','2020-02-27','Jackson','11:36 PM','Goldenrod','value-added'),(25,'Quinn Didsbury','63','2020-03-03','Green','11:15 PM','Purple','Enhanced');
/*!40000 ALTER TABLE `event` ENABLE KEYS */;
UNLOCK TABLES;

--
-- Table structure for table `event_id_people_invited`
--

DROP TABLE IF EXISTS `event_id_people_invited`;
/*!40101 SET @saved_cs_client     = @@character_set_client */;
/*!50503 SET character_set_client = utf8mb4 */;
CREATE TABLE `event_id_people_invited` (
  `Person_id` varchar(9) DEFAULT NULL,
  `Event_id` varchar(8) DEFAULT NULL
) ENGINE=InnoDB DEFAULT CHARSET=utf8mb4 COLLATE=utf8mb4_0900_ai_ci;
/*!40101 SET character_set_client = @saved_cs_client */;

--
-- Dumping data for table `event_id_people_invited`
--

LOCK TABLES `event_id_people_invited` WRITE;
/*!40000 ALTER TABLE `event_id_people_invited` DISABLE KEYS */;
INSERT INTO `event_id_people_invited` VALUES ('23','11'),('37','12'),('50','10'),('53','1'),('43','23'),('77','4'),('7','25'),('91','7'),('43','7'),('38','25'),('15','10'),('20','13'),('45','1'),('18','10'),('56','12'),('57','24'),('53','19'),('62','2'),('58','12'),('68','10'),('90','2'),('49','19'),('1','9'),('74','18'),('71','19'),('58','11'),('17','6'),('20','5'),('69','20'),('78','11'),('8','6'),('54','11'),('90','23'),('18','8'),('63','21'),('92','10'),('76','13'),('100','11'),('65','12'),('78','20'),('18','6'),('82','19'),('74','20'),('87','1'),('58','10'),('7','11'),('68','10'),('17','17'),('14','19'),('12','19'),('5','24'),('90','7'),('58','17'),('88','9'),('52','18'),('76','16'),('18','1'),('34','16'),('27','11'),('71','8'),('56','20'),('77','10'),('31','20'),('49','13'),('25','11'),('94','7'),('70','20'),('80','14'),('66','1'),('26','19'),('48','18'),('54','19'),('83','14'),('73','23'),('55','8'),('1','24'),('74','4'),('6','21'),('60','20'),('44','15'),('89','21'),('79','9'),('44','5'),('20','16'),('52','11'),('80','4'),('8','24'),('19','1'),('43','2'),('79','20'),('35','23'),('99','20'),('4','6'),('72','1'),('5','23'),('6','15'),('36','16'),('76','15'),('13','18'),('16','3'),('68','21'),('37','20'),('40','17'),('76','21'),('76','1'),('88','17'),('28','3'),('7','12'),('45','24'),('27','2'),('23','8'),('73','20'),('86','12'),('63','17'),('86','14'),('7','3'),('58','12'),('1','8'),('78','10'),('89','17'),('73','13'),('18','18'),('32','6'),('64','25'),('74','4'),('9','17'),('34','8'),('58','2'),('57','20'),('21','6'),('5','8'),('99','19'),('64','14'),('80','17'),('5','14'),('73','4'),('68','15'),('30','25'),('46','4'),('43','4'),('60','22'),('83','8'),('47','13'),('28','21'),('77','15'),('31','15'),('37','8'),('50','16'),('34','25'),('84','7'),('19','7'),('15','12'),('54','15'),('3','24'),('23','17'),('10','9'),('95','12'),('96','12'),('23','7'),('70','9'),('63','10'),('23','18'),('8','24'),('45','14'),('54','5'),('9','2'),('21','23'),('62','6'),('95','1'),('7','10'),('66','3'),('91','14'),('30','19'),('4','11'),('19','13'),('68','13'),('71','12'),('32','20'),('93','12'),('79','15'),('15','15'),('74','12'),('97','1'),('51','11'),('89','4'),('40','12'),('7','24'),('88','13'),('63','24'),('88','7'),('82','14'),('62','10'),('39','5'),('82','8'),('36','24'),('28','23'),('58','8'),('78','8'),('25','23'),('91','22'),('79','5'),('32','12'),('53','15'),('63','2'),('72','6'),('97','21'),('57','18'),('34','5'),('49','25'),('91','14'),('90','13'),('94','8'),('40','25'),('93','24'),('15','15'),('86','10'),('45','23'),('93','4'),('16','16'),('36','12'),('2','9'),('90','6'),('67','21'),('100','13'),('100','12'),('74','11'),('35','19'),('73','9'),('78','10'),('33','1'),('14','3'),('55','13'),('5','16'),('68','22'),('81','19'),('95','18'),('93','3'),('90','7'),('11','6'),('55','25'),('39','20'),('44','3'),('29','7'),('100','5'),('56','5'),('58','24'),('17','21'),('82','1'),('39','14'),('100','18'),('96','1'),('63','2'),('48','13'),('55','9'),('44','11'),('60','25'),('32','6'),('64','23'),('73','23'),('64','19'),('61','14'),('54','3'),('60','12'),('86','10'),('99','5'),('74','21'),('30','17'),('82','21'),('27','15'),('21','20'),('88','8'),('22','15'),('96','16'),('47','24'),('24','22'),('96','5'),('23','5'),('3','7'),('48','1'),('14','14'),('54','25'),('57','3'),('45','3'),('62','14'),('26','20'),('50','19'),('90','18'),('52','8'),('54','17'),('84','9'),('35','8'),('21','13'),('51','13'),('48','15'),('13','17'),('63','18'),('10','16'),('33','4'),('52','4'),('27','13'),('3','21'),('24','17'),('60','12'),('25','17'),('98','10'),('24','23'),('83','17'),('98','8'),('45','19'),('4','5'),('94','25'),('12','9'),('40','8'),('31','17'),('57','2'),('38','24'),('24','23'),('39','23'),('27','9'),('51','3'),('26','5'),('60','4'),('2','23'),('65','12'),('52','7'),('96','14'),('33','7'),('61','18'),('80','21'),('25','12'),('10','25'),('10','5'),('37','24'),('37','18'),('70','20'),('79','8'),('77','10'),('54','15'),('46','13'),('87','7'),('14','22'),('44','25'),('50','14'),('2','16'),('38','15'),('17','23'),('94','10'),('18','24'),('85','18'),('3','17'),('92','16'),('87','11'),('87','6'),('58','4'),('49','23'),('66','2'),('69','10'),('18','11'),('23','16'),('52','8'),('60','24'),('3','15'),('13','1'),('63','23'),('63','11'),('73','2'),('64','23'),('80','20'),('93','2'),('64','13'),('88','1'),('73','2'),('20','1'),('86','18'),('22','8'),('50','9'),('87','5'),('12','15'),('37','21'),('26','20'),('26','15'),('20','8'),('77','23'),('15','10'),('80','3'),('5','2'),('87','21'),('80','11'),('34','12'),('20','3'),('3','14'),('56','12'),('62','10'),('68','25'),('27','9'),('18','17'),('93','25'),('33','23'),('17','19'),('19','24'),('75','7'),('90','16'),('33','24'),('87','24'),('45','2'),('50','13'),('52','10'),('17','13'),('37','17'),('18','24'),('7','22'),('5','4'),('1','1'),('26','7'),('32','2'),('68','4'),('87','3'),('3','24'),('3','18'),('97','17'),('92','23'),('88','25'),('12','18'),('52','9'),('28','23'),('31','10'),('20','4'),('54','19'),('20','14'),('6','16'),('46','4'),('43','3'),('27','5'),('53','5'),('68','15'),('13','11'),('51','22'),('61','19'),('74','13'),('20','4'),('31','9'),('87','19'),('95','11'),('99','10'),('44','1'),('5','3'),('27','11'),('85','13'),('74','25'),('90','23'),('88','24'),('54','22'),('48','22'),('96','25'),('31','20'),('36','7'),('83','12'),('14','19'),('39','11'),('10','19'),('56','14'),('11','12'),('56','6'),('69','18'),('66','20'),('95','16'),('90','9'),('63','4'),('21','8'),('53','22'),('73','12'),('93','5'),('36','21'),('13','24'),('40','15'),('75','7'),('4','9'),('15','15'),('37','1'),('33','2'),('17','7'),('47','12'),('51','17'),('21','16'),('12','1'),('30','21'),('74','10'),('53','13'),('59','15'),('100','17'),('46','16'),('92','4'),('17','2'),('35','18'),('78','14'),('37','19'),('68','6'),('93','11'),('32','5'),('48','12');
/*!40000 ALTER TABLE `event_id_people_invited` ENABLE KEYS */;
UNLOCK TABLES;

--
-- Table structure for table `family_circle`
--

DROP TABLE IF EXISTS `family_circle`;
/*!40101 SET @saved_cs_client     = @@character_set_client */;
/*!50503 SET character_set_client = utf8mb4 */;
CREATE TABLE `family_circle` (
  `Group_id` int DEFAULT NULL,
  `Owner_ID` varchar(9) DEFAULT NULL,
  `Owner_name` varchar(50) DEFAULT NULL,
  `Circle_members` varchar(7) DEFAULT NULL,
  `Circle_members_id` varchar(50) DEFAULT NULL
) ENGINE=InnoDB DEFAULT CHARSET=utf8mb4 COLLATE=utf8mb4_0900_ai_ci;
/*!40101 SET character_set_client = @saved_cs_client */;

--
-- Dumping data for table `family_circle`
--

LOCK TABLES `family_circle` WRITE;
/*!40000 ALTER TABLE `family_circle` DISABLE KEYS */;
INSERT INTO `family_circle` VALUES (1,'60','Lutero Fahrenbach','Home','00'),(1,'60','Lutero Fahrenbach','Home','80'),(1,'60','Lutero Fahrenbach','Home','15'),(1,'60','Lutero Fahrenbach','Home','98'),(1,'60','Lutero Fahrenbach','Home','79'),(2,'94','Spencer Gateland','Friends','40'),(2,'94','Spencer Gateland','Friends','39'),(2,'94','Spencer Gateland','Friends','16'),(2,'94','Spencer Gateland','Friends','94'),(2,'94','Spencer Gateland','Friends','17'),(3,'6','Carin Gaudon','Friends','78'),(3,'6','Carin Gaudon','Friends','16'),(3,'6','Carin Gaudon','Friends','50'),(3,'6','Carin Gaudon','Friends','10'),(3,'6','Carin Gaudon','Friends','40'),(4,'38','Tarrance Pammenter','School','98'),(4,'38','Tarrance Pammenter','School','54'),(4,'38','Tarrance Pammenter','School','08'),(4,'38','Tarrance Pammenter','School','02'),(4,'38','Tarrance Pammenter','School','02'),(5,'49','Waylon Marlowe','Home','32'),(5,'49','Waylon Marlowe','Home','39'),(5,'49','Waylon Marlowe','Home','82'),(5,'49','Waylon Marlowe','Home','67'),(5,'49','Waylon Marlowe','Home','10'),(6,'63','Fairleigh Zahor','Family','93'),(6,'63','Fairleigh Zahor','Family','28'),(6,'63','Fairleigh Zahor','Family','86'),(6,'63','Fairleigh Zahor','Family','21'),(6,'63','Fairleigh Zahor','Family','93'),(7,'2','Gayler Forward','College','13'),(7,'2','Gayler Forward','College','18'),(7,'2','Gayler Forward','College','46'),(7,'2','Gayler Forward','College','59'),(7,'2','Gayler Forward','College','86'),(8,'83','Melvin Greschik','Friends','58'),(8,'83','Melvin Greschik','Friends','59'),(8,'83','Melvin Greschik','Friends','90'),(8,'83','Melvin Greschik','Friends','47'),(8,'83','Melvin Greschik','Friends','08'),(9,'43','Fletcher Crowd','Family','80'),(9,'43','Fletcher Crowd','Family','44'),(9,'43','Fletcher Crowd','Family','05'),(9,'43','Fletcher Crowd','Family','91'),(9,'43','Fletcher Crowd','Family','24'),(10,'82','Tommy Creber','School','98'),(10,'82','Tommy Creber','School','49'),(10,'82','Tommy Creber','School','04'),(10,'82','Tommy Creber','School','16'),(10,'82','Tommy Creber','School','68'),(11,'100','Gabbie Daymont','Family','86'),(11,'100','Gabbie Daymont','Family','95'),(11,'100','Gabbie Daymont','Family','38'),(11,'100','Gabbie Daymont','Family','49'),(11,'100','Gabbie Daymont','Family','39'),(12,'92','Hildagarde Taig','Friends','07'),(12,'92','Hildagarde Taig','Friends','31'),(12,'92','Hildagarde Taig','Friends','93'),(12,'92','Hildagarde Taig','Friends','30'),(12,'92','Hildagarde Taig','Friends','01'),(13,'65','Devlin Bauldry','Home','06'),(13,'65','Devlin Bauldry','Home','66'),(13,'65','Devlin Bauldry','Home','91'),(13,'65','Devlin Bauldry','Home','10'),(13,'65','Devlin Bauldry','Home','89'),(14,'32','Dolf Attawell','Friends','42'),(14,'32','Dolf Attawell','Friends','16'),(14,'32','Dolf Attawell','Friends','27'),(14,'32','Dolf Attawell','Friends','35'),(14,'32','Dolf Attawell','Friends','51'),(15,'53','Curry Addionizio','Home','63'),(15,'53','Curry Addionizio','Home','17'),(15,'53','Curry Addionizio','Home','37'),(15,'53','Curry Addionizio','Home','88'),(15,'53','Curry Addionizio','Home','09'),(16,'20','Clarabelle Cars','School','53'),(16,'20','Clarabelle Cars','School','18'),(16,'20','Clarabelle Cars','School','60'),(16,'20','Clarabelle Cars','School','41'),(16,'20','Clarabelle Cars','School','54'),(17,'23','Neron Iskowicz','Family','55'),(17,'23','Neron Iskowicz','Family','52'),(17,'23','Neron Iskowicz','Family','12'),(17,'23','Neron Iskowicz','Family','96'),(17,'23','Neron Iskowicz','Family','31'),(18,'34','Gwenora McInally','Family','41'),(18,'34','Gwenora McInally','Family','22'),(18,'34','Gwenora McInally','Family','59'),(18,'34','Gwenora McInally','Family','15'),(18,'34','Gwenora McInally','Family','09'),(19,'36','Anthea Teck','School','65'),(19,'36','Anthea Teck','School','39'),(19,'36','Anthea Teck','School','44'),(19,'36','Anthea Teck','School','88'),(19,'36','Anthea Teck','School','68'),(20,'69','Clare Hambridge','School','58'),(20,'69','Clare Hambridge','School','26'),(20,'69','Clare Hambridge','School','48'),(20,'69','Clare Hambridge','School','17'),(20,'69','Clare Hambridge','School','30'),(21,'61','Gerald Wittering','Home','14'),(21,'61','Gerald Wittering','Home','21'),(21,'61','Gerald Wittering','Home','16'),(21,'61','Gerald Wittering','Home','99'),(21,'61','Gerald Wittering','Home','66'),(22,'84','Gabi Mancktelow','College','22'),(22,'84','Gabi Mancktelow','College','01'),(22,'84','Gabi Mancktelow','College','83'),(22,'84','Gabi Mancktelow','College','93'),(22,'84','Gabi Mancktelow','College','66'),(23,'7','Rory Wyard','College','96'),(23,'7','Rory Wyard','College','19'),(23,'7','Rory Wyard','College','08'),(23,'7','Rory Wyard','College','93'),(23,'7','Rory Wyard','College','82'),(24,'5','Colver Friedank','School','43'),(24,'5','Colver Friedank','School','71'),(24,'5','Colver Friedank','School','37'),(24,'5','Colver Friedank','School','92'),(24,'5','Colver Friedank','School','11'),(25,'6','Carin Gaudon','Friends','17'),(25,'6','Carin Gaudon','Friends','24'),(25,'6','Carin Gaudon','Friends','12'),(25,'6','Carin Gaudon','Friends','00'),(25,'6','Carin Gaudon','Friends','92'),(26,'87','Kiele Heball','Family','08'),(26,'87','Kiele Heball','Family','25'),(26,'87','Kiele Heball','Family','58'),(26,'87','Kiele Heball','Family','45'),(26,'87','Kiele Heball','Family','67'),(27,'87','Kiele Heball','School','51'),(27,'87','Kiele Heball','School','49'),(27,'87','Kiele Heball','School','33'),(27,'87','Kiele Heball','School','60'),(27,'87','Kiele Heball','School','41'),(28,'46','Bondon Sailes','Family','21'),(28,'46','Bondon Sailes','Family','89'),(28,'46','Bondon Sailes','Family','27'),(28,'46','Bondon Sailes','Family','30'),(28,'46','Bondon Sailes','Family','99'),(29,'5','Colver Friedank','Family','22'),(29,'5','Colver Friedank','Family','20'),(29,'5','Colver Friedank','Family','95'),(29,'5','Colver Friedank','Family','26'),(29,'5','Colver Friedank','Family','00'),(30,'84','Gabi Mancktelow','Home','80'),(30,'84','Gabi Mancktelow','Home','74'),(30,'84','Gabi Mancktelow','Home','36'),(30,'84','Gabi Mancktelow','Home','33'),(30,'84','Gabi Mancktelow','Home','75'),(31,'33','Phillie Danielczyk','Friends','60'),(31,'33','Phillie Danielczyk','Friends','35'),(31,'33','Phillie Danielczyk','Friends','72'),(31,'33','Phillie Danielczyk','Friends','30'),(31,'33','Phillie Danielczyk','Friends','82'),(32,'74','Teodor Dalwood','School','61'),(32,'74','Teodor Dalwood','School','96'),(32,'74','Teodor Dalwood','School','74'),(32,'74','Teodor Dalwood','School','79'),(32,'74','Teodor Dalwood','School','13'),(33,'38','Tarrance Pammenter','Home','04'),(33,'38','Tarrance Pammenter','Home','38'),(33,'38','Tarrance Pammenter','Home','36'),(33,'38','Tarrance Pammenter','Home','77'),(33,'38','Tarrance Pammenter','Home','22'),(34,'31','Robbie Kybert','Family','16'),(34,'31','Robbie Kybert','Family','39'),(34,'31','Robbie Kybert','Family','52'),(34,'31','Robbie Kybert','Family','69'),(34,'31','Robbie Kybert','Family','20'),(35,'15','Kath Pleven','School','90'),(35,'15','Kath Pleven','School','39'),(35,'15','Kath Pleven','School','86'),(35,'15','Kath Pleven','School','30'),(35,'15','Kath Pleven','School','08'),(36,'6','Carin Gaudon','Family','23'),(36,'6','Carin Gaudon','Family','05'),(36,'6','Carin Gaudon','Family','67'),(36,'6','Carin Gaudon','Family','41'),(36,'6','Carin Gaudon','Family','10'),(37,'84','Gabi Mancktelow','Home','85'),(37,'84','Gabi Mancktelow','Home','26'),(37,'84','Gabi Mancktelow','Home','63'),(37,'84','Gabi Mancktelow','Home','30'),(37,'84','Gabi Mancktelow','Home','87'),(38,'77','Eduardo MacIver','Home','76'),(38,'77','Eduardo MacIver','Home','89'),(38,'77','Eduardo MacIver','Home','95'),(38,'77','Eduardo MacIver','Home','59'),(38,'77','Eduardo MacIver','Home','44'),(39,'57','Caroline Haily','Family','16'),(39,'57','Caroline Haily','Family','36'),(39,'57','Caroline Haily','Family','35'),(39,'57','Caroline Haily','Family','89'),(39,'57','Caroline Haily','Family','67'),(40,'22','Halette Figin','Home','97'),(40,'22','Halette Figin','Home','99'),(40,'22','Halette Figin','Home','80'),(40,'22','Halette Figin','Home','01'),(40,'22','Halette Figin','Home','20'),(41,'82','Tommy Creber','Family','76'),(41,'82','Tommy Creber','Family','35'),(41,'82','Tommy Creber','Family','80'),(41,'82','Tommy Creber','Family','47'),(41,'82','Tommy Creber','Family','24'),(42,'83','Melvin Greschik','Friends','02'),(42,'83','Melvin Greschik','Friends','33'),(42,'83','Melvin Greschik','Friends','51'),(42,'83','Melvin Greschik','Friends','36'),(42,'83','Melvin Greschik','Friends','90'),(43,'23','Neron Iskowicz','College','17'),(43,'23','Neron Iskowicz','College','25'),(43,'23','Neron Iskowicz','College','01'),(43,'23','Neron Iskowicz','College','24'),(43,'23','Neron Iskowicz','College','11'),(44,'17','Jedd Bernardot','Family','84'),(44,'17','Jedd Bernardot','Family','35'),(44,'17','Jedd Bernardot','Family','01'),(44,'17','Jedd Bernardot','Family','37'),(44,'17','Jedd Bernardot','Family','29'),(45,'54','Xymenes Davydychev','Friends','60'),(45,'54','Xymenes Davydychev','Friends','30'),(45,'54','Xymenes Davydychev','Friends','47'),(45,'54','Xymenes Davydychev','Friends','91'),(45,'54','Xymenes Davydychev','Friends','18'),(46,'23','Neron Iskowicz','Family','77'),(46,'23','Neron Iskowicz','Family','88'),(46,'23','Neron Iskowicz','Family','55'),(46,'23','Neron Iskowicz','Family','64'),(46,'23','Neron Iskowicz','Family','48'),(47,'78','Vicky Diego','Home','38'),(47,'78','Vicky Diego','Home','58'),(47,'78','Vicky Diego','Home','36'),(47,'78','Vicky Diego','Home','04'),(47,'78','Vicky Diego','Home','52'),(48,'35','Rina Yong','Family','04'),(48,'35','Rina Yong','Family','78'),(48,'35','Rina Yong','Family','54'),(48,'35','Rina Yong','Family','15'),(48,'35','Rina Yong','Family','60'),(49,'62','Debra O\'Griffin','College','94'),(49,'62','Debra O\'Griffin','College','74'),(49,'62','Debra O\'Griffin','College','50'),(49,'62','Debra O\'Griffin','College','86'),(49,'62','Debra O\'Griffin','College','91'),(50,'67','Melony Whaley','Home','76'),(50,'67','Melony Whaley','Home','97'),(50,'67','Melony Whaley','Home','52'),(50,'67','Melony Whaley','Home','00'),(50,'67','Melony Whaley','Home','61'),(51,'73','Ibbie Deverick','Friends','92'),(51,'73','Ibbie Deverick','Friends','13'),(51,'73','Ibbie Deverick','Friends','41'),(51,'73','Ibbie Deverick','Friends','03'),(51,'73','Ibbie Deverick','Friends','59'),(52,'16','Terry Twinn','School','95'),(52,'16','Terry Twinn','School','74'),(52,'16','Terry Twinn','School','81'),(52,'16','Terry Twinn','School','84'),(52,'16','Terry Twinn','School','54'),(53,'86','Ajay Springtorpe','School','34'),(53,'86','Ajay Springtorpe','School','74'),(53,'86','Ajay Springtorpe','School','24'),(53,'86','Ajay Springtorpe','School','57'),(53,'86','Ajay Springtorpe','School','68'),(54,'49','Waylon Marlowe','School','23'),(54,'49','Waylon Marlowe','School','17'),(54,'49','Waylon Marlowe','School','13'),(54,'49','Waylon Marlowe','School','63'),(54,'49','Waylon Marlowe','School','55'),(55,'59','Bili Parfitt','Family','87'),(55,'59','Bili Parfitt','Family','21'),(55,'59','Bili Parfitt','Family','81'),(55,'59','Bili Parfitt','Family','68'),(55,'59','Bili Parfitt','Family','42'),(56,'61','Gerald Wittering','Home','58'),(56,'61','Gerald Wittering','Home','82'),(56,'61','Gerald Wittering','Home','85'),(56,'61','Gerald Wittering','Home','89'),(56,'61','Gerald Wittering','Home','01'),(57,'41','Hillier Mosedill','Family','41'),(57,'41','Hillier Mosedill','Family','15'),(57,'41','Hillier Mosedill','Family','64'),(57,'41','Hillier Mosedill','Family','62'),(57,'41','Hillier Mosedill','Family','76'),(58,'49','Waylon Marlowe','Family','97'),(58,'49','Waylon Marlowe','Family','34'),(58,'49','Waylon Marlowe','Family','73'),(58,'49','Waylon Marlowe','Family','84'),(58,'49','Waylon Marlowe','Family','12'),(59,'11','Courtenay Giacobazzi','Family','12'),(59,'11','Courtenay Giacobazzi','Family','96'),(59,'11','Courtenay Giacobazzi','Family','33'),(59,'11','Courtenay Giacobazzi','Family','00'),(59,'11','Courtenay Giacobazzi','Family','85'),(60,'90','Jerrine Voff','Friends','42'),(60,'90','Jerrine Voff','Friends','10'),(60,'90','Jerrine Voff','Friends','28'),(60,'90','Jerrine Voff','Friends','91'),(60,'90','Jerrine Voff','Friends','29'),(61,'10','Trueman Foucard','College','42'),(61,'10','Trueman Foucard','College','84'),(61,'10','Trueman Foucard','College','69'),(61,'10','Trueman Foucard','College','62'),(61,'10','Trueman Foucard','College','15'),(62,'66','Arlinda Dullingham','College','02'),(62,'66','Arlinda Dullingham','College','99'),(62,'66','Arlinda Dullingham','College','47'),(62,'66','Arlinda Dullingham','College','78'),(62,'66','Arlinda Dullingham','College','13'),(63,'89','Trescha Ciementini','School','74'),(63,'89','Trescha Ciementini','School','16'),(63,'89','Trescha Ciementini','School','73'),(63,'89','Trescha Ciementini','School','48'),(63,'89','Trescha Ciementini','School','69'),(64,'53','Curry Addionizio','Family','27'),(64,'53','Curry Addionizio','Family','86'),(64,'53','Curry Addionizio','Family','68'),(64,'53','Curry Addionizio','Family','89'),(64,'53','Curry Addionizio','Family','52'),(65,'80','Ailbert Edeson','Family','61'),(65,'80','Ailbert Edeson','Family','71'),(65,'80','Ailbert Edeson','Family','85'),(65,'80','Ailbert Edeson','Family','58'),(65,'80','Ailbert Edeson','Family','14'),(66,'12','Ari Conklin','College','10'),(66,'12','Ari Conklin','College','59'),(66,'12','Ari Conklin','College','56'),(66,'12','Ari Conklin','College','22'),(66,'12','Ari Conklin','College','67'),(67,'1','Hamish Bruster','Family','28'),(67,'1','Hamish Bruster','Family','69'),(67,'1','Hamish Bruster','Family','59'),(67,'1','Hamish Bruster','Family','23'),(67,'1','Hamish Bruster','Family','96'),(68,'22','Halette Figin','Family','61'),(68,'22','Halette Figin','Family','94'),(68,'22','Halette Figin','Family','48'),(68,'22','Halette Figin','Family','53'),(68,'22','Halette Figin','Family','36'),(69,'38','Tarrance Pammenter','Friends','98'),(69,'38','Tarrance Pammenter','Friends','41'),(69,'38','Tarrance Pammenter','Friends','30'),(69,'38','Tarrance Pammenter','Friends','14'),(69,'38','Tarrance Pammenter','Friends','62'),(70,'91','Pam Van Eeden','College','77'),(70,'91','Pam Van Eeden','College','32'),(70,'91','Pam Van Eeden','College','33'),(70,'91','Pam Van Eeden','College','69'),(70,'91','Pam Van Eeden','College','42'),(71,'54','Xymenes Davydychev','Family','35'),(71,'54','Xymenes Davydychev','Family','68'),(71,'54','Xymenes Davydychev','Family','77'),(71,'54','Xymenes Davydychev','Family','23'),(71,'54','Xymenes Davydychev','Family','21'),(72,'37','Connor Nind','Friends','54'),(72,'37','Connor Nind','Friends','28'),(72,'37','Connor Nind','Friends','35'),(72,'37','Connor Nind','Friends','97'),(72,'37','Connor Nind','Friends','89'),(73,'32','Dolf Attawell','School','79'),(73,'32','Dolf Attawell','School','31'),(73,'32','Dolf Attawell','School','13'),(73,'32','Dolf Attawell','School','85'),(73,'32','Dolf Attawell','School','33'),(74,'89','Trescha Ciementini','College','71'),(74,'89','Trescha Ciementini','College','14'),(74,'89','Trescha Ciementini','College','85'),(74,'89','Trescha Ciementini','College','82'),(74,'89','Trescha Ciementini','College','78'),(75,'1','Hamish Bruster','Home','46'),(75,'1','Hamish Bruster','Home','91'),(75,'1','Hamish Bruster','Home','15'),(75,'1','Hamish Bruster','Home','55'),(75,'1','Hamish Bruster','Home','97'),(76,'51','Neddy Berrisford','Friends','79'),(76,'51','Neddy Berrisford','Friends','52'),(76,'51','Neddy Berrisford','Friends','68'),(76,'51','Neddy Berrisford','Friends','93'),(76,'51','Neddy Berrisford','Friends','66'),(77,'63','Fairleigh Zahor','School','51'),(77,'63','Fairleigh Zahor','School','47'),(77,'63','Fairleigh Zahor','School','67'),(77,'63','Fairleigh Zahor','School','41'),(77,'63','Fairleigh Zahor','School','30'),(78,'10','Trueman Foucard','Home','19'),(78,'10','Trueman Foucard','Home','34'),(78,'10','Trueman Foucard','Home','77'),(78,'10','Trueman Foucard','Home','67'),(78,'10','Trueman Foucard','Home','86'),(79,'60','Lutero Fahrenbach','Family','76'),(79,'60','Lutero Fahrenbach','Family','35'),(79,'60','Lutero Fahrenbach','Family','08'),(79,'60','Lutero Fahrenbach','Family','67'),(79,'60','Lutero Fahrenbach','Family','46'),(80,'69','Clare Hambridge','Family','70'),(80,'69','Clare Hambridge','Family','15'),(80,'69','Clare Hambridge','Family','58'),(80,'69','Clare Hambridge','Family','42'),(80,'69','Clare Hambridge','Family','60'),(81,'9','Manfred Sarjeant','Home','59'),(81,'9','Manfred Sarjeant','Home','42'),(81,'9','Manfred Sarjeant','Home','10'),(81,'9','Manfred Sarjeant','Home','67'),(81,'9','Manfred Sarjeant','Home','45'),(82,'16','Terry Twinn','Home','16'),(82,'16','Terry Twinn','Home','61'),(82,'16','Terry Twinn','Home','40'),(82,'16','Terry Twinn','Home','38'),(82,'16','Terry Twinn','Home','59'),(83,'25','Micheline Cockaday','College','62'),(83,'25','Micheline Cockaday','College','41'),(83,'25','Micheline Cockaday','College','93'),(83,'25','Micheline Cockaday','College','88'),(83,'25','Micheline Cockaday','College','55'),(84,'28','Truman O\' Quirk','Home','71'),(84,'28','Truman O\' Quirk','Home','03'),(84,'28','Truman O\' Quirk','Home','88'),(84,'28','Truman O\' Quirk','Home','71'),(84,'28','Truman O\' Quirk','Home','98'),(85,'86','Ajay Springtorpe','Home','96'),(85,'86','Ajay Springtorpe','Home','24'),(85,'86','Ajay Springtorpe','Home','97'),(85,'86','Ajay Springtorpe','Home','48'),(85,'86','Ajay Springtorpe','Home','76'),(86,'17','Jedd Bernardot','School','86'),(86,'17','Jedd Bernardot','School','86'),(86,'17','Jedd Bernardot','School','52'),(86,'17','Jedd Bernardot','School','39'),(86,'17','Jedd Bernardot','School','36'),(87,'53','Curry Addionizio','College','64'),(87,'53','Curry Addionizio','College','44'),(87,'53','Curry Addionizio','College','88'),(87,'53','Curry Addionizio','College','33'),(87,'53','Curry Addionizio','College','17'),(88,'52','Margette Umney','School','49'),(88,'52','Margette Umney','School','62'),(88,'52','Margette Umney','School','15'),(88,'52','Margette Umney','School','78'),(88,'52','Margette Umney','School','00'),(89,'16','Terry Twinn','Home','19'),(89,'16','Terry Twinn','Home','60'),(89,'16','Terry Twinn','Home','05'),(89,'16','Terry Twinn','Home','66'),(89,'16','Terry Twinn','Home','86'),(90,'1','Hamish Bruster','Family','75'),(90,'1','Hamish Bruster','Family','77'),(90,'1','Hamish Bruster','Family','58'),(90,'1','Hamish Bruster','Family','11'),(90,'1','Hamish Bruster','Family','94'),(91,'70','Petr Cahalan','School','78'),(91,'70','Petr Cahalan','School','65'),(91,'70','Petr Cahalan','School','22'),(91,'70','Petr Cahalan','School','08'),(91,'70','Petr Cahalan','School','09'),(92,'81','Viki Teanby','Friends','17'),(92,'81','Viki Teanby','Friends','90'),(92,'81','Viki Teanby','Friends','01'),(92,'81','Viki Teanby','Friends','50'),(92,'81','Viki Teanby','Friends','41'),(93,'65','Devlin Bauldry','Friends','07'),(93,'65','Devlin Bauldry','Friends','17'),(93,'65','Devlin Bauldry','Friends','09'),(93,'65','Devlin Bauldry','Friends','03'),(93,'65','Devlin Bauldry','Friends','79'),(94,'63','Fairleigh Zahor','School','99'),(94,'63','Fairleigh Zahor','School','13'),(94,'63','Fairleigh Zahor','School','74'),(94,'63','Fairleigh Zahor','School','53'),(94,'63','Fairleigh Zahor','School','03'),(95,'4','Jermaine Langford','College','75'),(95,'4','Jermaine Langford','College','09'),(95,'4','Jermaine Langford','College','64'),(95,'4','Jermaine Langford','College','56'),(95,'4','Jermaine Langford','College','99'),(96,'72','Lorene Raoux','Family','84'),(96,'72','Lorene Raoux','Family','23'),(96,'72','Lorene Raoux','Family','10'),(96,'72','Lorene Raoux','Family','94'),(96,'72','Lorene Raoux','Family','31'),(97,'10','Trueman Foucard','College','88'),(97,'10','Trueman Foucard','College','61'),(97,'10','Trueman Foucard','College','63'),(97,'10','Trueman Foucard','College','94'),(97,'10','Trueman Foucard','College','89'),(98,'4','Jermaine Langford','Home','07'),(98,'4','Jermaine Langford','Home','62'),(98,'4','Jermaine Langford','Home','89'),(98,'4','Jermaine Langford','Home','67'),(98,'4','Jermaine Langford','Home','11'),(99,'60','Lutero Fahrenbach','School','97'),(99,'60','Lutero Fahrenbach','School','87'),(99,'60','Lutero Fahrenbach','School','05'),(99,'60','Lutero Fahrenbach','School','56'),(99,'60','Lutero Fahrenbach','School','76'),(100,'100','Gabbie Daymont','Family','41'),(100,'100','Gabbie Daymont','Family','92'),(100,'100','Gabbie Daymont','Family','96'),(100,'100','Gabbie Daymont','Family','65'),(100,'100','Gabbie Daymont','Family','05');
/*!40000 ALTER TABLE `family_circle` ENABLE KEYS */;
UNLOCK TABLES;

--
-- Table structure for table `family_folder`
--

DROP TABLE IF EXISTS `family_folder`;
/*!40101 SET @saved_cs_client     = @@character_set_client */;
/*!50503 SET character_set_client = utf8mb4 */;
CREATE TABLE `family_folder` (
  `event_id` varchar(8) DEFAULT NULL,
  `event_folder_url` varchar(1000) DEFAULT NULL,
  `people_shared_id` varchar(50) DEFAULT NULL
) ENGINE=InnoDB DEFAULT CHARSET=utf8mb4 COLLATE=utf8mb4_0900_ai_ci;
/*!40101 SET character_set_client = @saved_cs_client */;

--
-- Dumping data for table `family_folder`
--

LOCK TABLES `family_folder` WRITE;
/*!40000 ALTER TABLE `family_folder` DISABLE KEYS */;
INSERT INTO `family_folder` VALUES ('1','https://ameblo.jp/hac/habitasse/platea/dictumst/maecenas/ut/massa.png','19'),('1','https://ameblo.jp/hac/habitasse/platea/dictumst/maecenas/ut/massa.png','43'),('1','https://ameblo.jp/hac/habitasse/platea/dictumst/maecenas/ut/massa.png','49'),('1','https://ameblo.jp/hac/habitasse/platea/dictumst/maecenas/ut/massa.png','22'),('1','https://ameblo.jp/hac/habitasse/platea/dictumst/maecenas/ut/massa.png','27'),('1','https://ameblo.jp/hac/habitasse/platea/dictumst/maecenas/ut/massa.png','43'),('1','https://ameblo.jp/hac/habitasse/platea/dictumst/maecenas/ut/massa.png','09'),('1','https://ameblo.jp/hac/habitasse/platea/dictumst/maecenas/ut/massa.png','75'),('2','http://blog.com/et/eros/vestibulum/ac/est/lacinia/nisi.jpg','69'),('2','http://blog.com/et/eros/vestibulum/ac/est/lacinia/nisi.jpg','04'),('2','http://blog.com/et/eros/vestibulum/ac/est/lacinia/nisi.jpg','49'),('2','http://blog.com/et/eros/vestibulum/ac/est/lacinia/nisi.jpg','67'),('2','http://blog.com/et/eros/vestibulum/ac/est/lacinia/nisi.jpg','36'),('2','http://blog.com/et/eros/vestibulum/ac/est/lacinia/nisi.jpg','47'),('2','http://blog.com/et/eros/vestibulum/ac/est/lacinia/nisi.jpg','12'),('2','http://blog.com/et/eros/vestibulum/ac/est/lacinia/nisi.jpg','17'),('3','https://ftc.gov/gravida/sem/praesent/id/massa.json','39'),('3','https://ftc.gov/gravida/sem/praesent/id/massa.json','25'),('3','https://ftc.gov/gravida/sem/praesent/id/massa.json','79'),('3','https://ftc.gov/gravida/sem/praesent/id/massa.json','59'),('3','https://ftc.gov/gravida/sem/praesent/id/massa.json','96'),('3','https://ftc.gov/gravida/sem/praesent/id/massa.json','87'),('3','https://ftc.gov/gravida/sem/praesent/id/massa.json','55'),('3','https://ftc.gov/gravida/sem/praesent/id/massa.json','62'),('4','https://nhs.uk/ullamcorper/purus/sit/amet.xml','57'),('4','https://nhs.uk/ullamcorper/purus/sit/amet.xml','31'),('4','https://nhs.uk/ullamcorper/purus/sit/amet.xml','68'),('4','https://nhs.uk/ullamcorper/purus/sit/amet.xml','95'),('4','https://nhs.uk/ullamcorper/purus/sit/amet.xml','11'),('4','https://nhs.uk/ullamcorper/purus/sit/amet.xml','16'),('4','https://nhs.uk/ullamcorper/purus/sit/amet.xml','98'),('4','https://nhs.uk/ullamcorper/purus/sit/amet.xml','55'),('5','http://ucoz.ru/nunc.xml','87'),('5','http://ucoz.ru/nunc.xml','90'),('5','http://ucoz.ru/nunc.xml','87'),('5','http://ucoz.ru/nunc.xml','91'),('5','http://ucoz.ru/nunc.xml','69'),('5','http://ucoz.ru/nunc.xml','96'),('5','http://ucoz.ru/nunc.xml','67'),('5','http://ucoz.ru/nunc.xml','98'),('6','http://storify.com/sapien.js','64'),('6','http://storify.com/sapien.js','05'),('6','http://storify.com/sapien.js','30'),('6','http://storify.com/sapien.js','58'),('6','http://storify.com/sapien.js','93'),('6','http://storify.com/sapien.js','97'),('6','http://storify.com/sapien.js','45'),('6','http://storify.com/sapien.js','19'),('7','http://hhs.gov/enim/in.aspx','99'),('7','http://hhs.gov/enim/in.aspx','07'),('7','http://hhs.gov/enim/in.aspx','02'),('7','http://hhs.gov/enim/in.aspx','37'),('7','http://hhs.gov/enim/in.aspx','52'),('7','http://hhs.gov/enim/in.aspx','84'),('7','http://hhs.gov/enim/in.aspx','60'),('7','http://hhs.gov/enim/in.aspx','57'),('8','http://4shared.com/praesent/blandit/nam/nulla/integer.html','75'),('8','http://4shared.com/praesent/blandit/nam/nulla/integer.html','32'),('8','http://4shared.com/praesent/blandit/nam/nulla/integer.html','66'),('8','http://4shared.com/praesent/blandit/nam/nulla/integer.html','57'),('8','http://4shared.com/praesent/blandit/nam/nulla/integer.html','45'),('8','http://4shared.com/praesent/blandit/nam/nulla/integer.html','22'),('8','http://4shared.com/praesent/blandit/nam/nulla/integer.html','77'),('8','http://4shared.com/praesent/blandit/nam/nulla/integer.html','54'),('9','http://howstuffworks.com/duis/consequat/dui/nec/nisi/volutpat.json','91'),('9','http://howstuffworks.com/duis/consequat/dui/nec/nisi/volutpat.json','63'),('9','http://howstuffworks.com/duis/consequat/dui/nec/nisi/volutpat.json','33'),('9','http://howstuffworks.com/duis/consequat/dui/nec/nisi/volutpat.json','18'),('9','http://howstuffworks.com/duis/consequat/dui/nec/nisi/volutpat.json','38'),('9','http://howstuffworks.com/duis/consequat/dui/nec/nisi/volutpat.json','93'),('9','http://howstuffworks.com/duis/consequat/dui/nec/nisi/volutpat.json','95'),('9','http://howstuffworks.com/duis/consequat/dui/nec/nisi/volutpat.json','34'),('10','http://army.mil/nec/euismod/scelerisque/quam.json','13'),('10','http://army.mil/nec/euismod/scelerisque/quam.json','87'),('10','http://army.mil/nec/euismod/scelerisque/quam.json','26'),('10','http://army.mil/nec/euismod/scelerisque/quam.json','92'),('10','http://army.mil/nec/euismod/scelerisque/quam.json','58'),('10','http://army.mil/nec/euismod/scelerisque/quam.json','81'),('10','http://army.mil/nec/euismod/scelerisque/quam.json','01'),('10','http://army.mil/nec/euismod/scelerisque/quam.json','77'),('11','https://hud.gov/amet/erat/nulla.jsp','85'),('11','https://hud.gov/amet/erat/nulla.jsp','14'),('11','https://hud.gov/amet/erat/nulla.jsp','92'),('11','https://hud.gov/amet/erat/nulla.jsp','99'),('11','https://hud.gov/amet/erat/nulla.jsp','44'),('11','https://hud.gov/amet/erat/nulla.jsp','19'),('11','https://hud.gov/amet/erat/nulla.jsp','54'),('11','https://hud.gov/amet/erat/nulla.jsp','77'),('12','https://businesswire.com/dapibus.js','81'),('12','https://businesswire.com/dapibus.js','99'),('12','https://businesswire.com/dapibus.js','36'),('12','https://businesswire.com/dapibus.js','06'),('12','https://businesswire.com/dapibus.js','50'),('12','https://businesswire.com/dapibus.js','60'),('12','https://businesswire.com/dapibus.js','19'),('12','https://businesswire.com/dapibus.js','84'),('13','https://japanpost.jp/mattis/egestas/metus/aenean/fermentum.js','41'),('13','https://japanpost.jp/mattis/egestas/metus/aenean/fermentum.js','50'),('13','https://japanpost.jp/mattis/egestas/metus/aenean/fermentum.js','57'),('13','https://japanpost.jp/mattis/egestas/metus/aenean/fermentum.js','85'),('13','https://japanpost.jp/mattis/egestas/metus/aenean/fermentum.js','04'),('13','https://japanpost.jp/mattis/egestas/metus/aenean/fermentum.js','65'),('13','https://japanpost.jp/mattis/egestas/metus/aenean/fermentum.js','89'),('13','https://japanpost.jp/mattis/egestas/metus/aenean/fermentum.js','43'),('14','https://dot.gov/aliquam/convallis/nunc/proin/at/turpis.png','09'),('14','https://dot.gov/aliquam/convallis/nunc/proin/at/turpis.png','35'),('14','https://dot.gov/aliquam/convallis/nunc/proin/at/turpis.png','59'),('14','https://dot.gov/aliquam/convallis/nunc/proin/at/turpis.png','57'),('14','https://dot.gov/aliquam/convallis/nunc/proin/at/turpis.png','94'),('14','https://dot.gov/aliquam/convallis/nunc/proin/at/turpis.png','97'),('14','https://dot.gov/aliquam/convallis/nunc/proin/at/turpis.png','23'),('14','https://dot.gov/aliquam/convallis/nunc/proin/at/turpis.png','55'),('15','https://imdb.com/in/blandit.html','74'),('15','https://imdb.com/in/blandit.html','92'),('15','https://imdb.com/in/blandit.html','64'),('15','https://imdb.com/in/blandit.html','87'),('15','https://imdb.com/in/blandit.html','73'),('15','https://imdb.com/in/blandit.html','97'),('15','https://imdb.com/in/blandit.html','91'),('15','https://imdb.com/in/blandit.html','91'),('16','https://creativecommons.org/integer/a/nibh/in/quis/justo/maecenas.jpg','02'),('16','https://creativecommons.org/integer/a/nibh/in/quis/justo/maecenas.jpg','53'),('16','https://creativecommons.org/integer/a/nibh/in/quis/justo/maecenas.jpg','84'),('16','https://creativecommons.org/integer/a/nibh/in/quis/justo/maecenas.jpg','75'),('16','https://creativecommons.org/integer/a/nibh/in/quis/justo/maecenas.jpg','65'),('16','https://creativecommons.org/integer/a/nibh/in/quis/justo/maecenas.jpg','66'),('16','https://creativecommons.org/integer/a/nibh/in/quis/justo/maecenas.jpg','62'),('16','https://creativecommons.org/integer/a/nibh/in/quis/justo/maecenas.jpg','98'),('17','http://w3.org/vivamus/tortor/duis.json','69'),('17','http://w3.org/vivamus/tortor/duis.json','89'),('17','http://w3.org/vivamus/tortor/duis.json','37'),('17','http://w3.org/vivamus/tortor/duis.json','47'),('17','http://w3.org/vivamus/tortor/duis.json','37'),('17','http://w3.org/vivamus/tortor/duis.json','00'),('17','http://w3.org/vivamus/tortor/duis.json','00'),('17','http://w3.org/vivamus/tortor/duis.json','48'),('18','http://webeden.co.uk/nulla/tempus/vivamus/in.xml','97'),('18','http://webeden.co.uk/nulla/tempus/vivamus/in.xml','31'),('18','http://webeden.co.uk/nulla/tempus/vivamus/in.xml','30'),('18','http://webeden.co.uk/nulla/tempus/vivamus/in.xml','40'),('18','http://webeden.co.uk/nulla/tempus/vivamus/in.xml','62'),('18','http://webeden.co.uk/nulla/tempus/vivamus/in.xml','24'),('18','http://webeden.co.uk/nulla/tempus/vivamus/in.xml','15'),('18','http://webeden.co.uk/nulla/tempus/vivamus/in.xml','56'),('19','http://pbs.org/diam/cras/pellentesque/volutpat/dui.js','24'),('19','http://pbs.org/diam/cras/pellentesque/volutpat/dui.js','68'),('19','http://pbs.org/diam/cras/pellentesque/volutpat/dui.js','65'),('19','http://pbs.org/diam/cras/pellentesque/volutpat/dui.js','05'),('19','http://pbs.org/diam/cras/pellentesque/volutpat/dui.js','63'),('19','http://pbs.org/diam/cras/pellentesque/volutpat/dui.js','21'),('19','http://pbs.org/diam/cras/pellentesque/volutpat/dui.js','33'),('19','http://pbs.org/diam/cras/pellentesque/volutpat/dui.js','64'),('20','http://dedecms.com/vivamus/tortor/duis/mattis.js','29'),('20','http://dedecms.com/vivamus/tortor/duis/mattis.js','35'),('20','http://dedecms.com/vivamus/tortor/duis/mattis.js','48'),('20','http://dedecms.com/vivamus/tortor/duis/mattis.js','63'),('20','http://dedecms.com/vivamus/tortor/duis/mattis.js','69'),('20','http://dedecms.com/vivamus/tortor/duis/mattis.js','94'),('20','http://dedecms.com/vivamus/tortor/duis/mattis.js','63'),('20','http://dedecms.com/vivamus/tortor/duis/mattis.js','14'),('21','https://ebay.co.uk/hac.jsp','86'),('21','https://ebay.co.uk/hac.jsp','46'),('21','https://ebay.co.uk/hac.jsp','32'),('21','https://ebay.co.uk/hac.jsp','05'),('21','https://ebay.co.uk/hac.jsp','19'),('21','https://ebay.co.uk/hac.jsp','12'),('21','https://ebay.co.uk/hac.jsp','12'),('21','https://ebay.co.uk/hac.jsp','70'),('22','https://sohu.com/in/sapien.aspx','71'),('22','https://sohu.com/in/sapien.aspx','09'),('22','https://sohu.com/in/sapien.aspx','21'),('22','https://sohu.com/in/sapien.aspx','09'),('22','https://sohu.com/in/sapien.aspx','54'),('22','https://sohu.com/in/sapien.aspx','85'),('22','https://sohu.com/in/sapien.aspx','81'),('22','https://sohu.com/in/sapien.aspx','30'),('23','https://comsenz.com/viverra.json','58'),('23','https://comsenz.com/viverra.json','37'),('23','https://comsenz.com/viverra.json','65'),('23','https://comsenz.com/viverra.json','73'),('23','https://comsenz.com/viverra.json','23'),('23','https://comsenz.com/viverra.json','09'),('23','https://comsenz.com/viverra.json','98'),('23','https://comsenz.com/viverra.json','65'),('24','http://yelp.com/elementum/nullam/varius/nulla/facilisi/cras/non.jpg','06'),('24','http://yelp.com/elementum/nullam/varius/nulla/facilisi/cras/non.jpg','81'),('24','http://yelp.com/elementum/nullam/varius/nulla/facilisi/cras/non.jpg','93'),('24','http://yelp.com/elementum/nullam/varius/nulla/facilisi/cras/non.jpg','18'),('24','http://yelp.com/elementum/nullam/varius/nulla/facilisi/cras/non.jpg','01'),('24','http://yelp.com/elementum/nullam/varius/nulla/facilisi/cras/non.jpg','96'),('24','http://yelp.com/elementum/nullam/varius/nulla/facilisi/cras/non.jpg','94'),('24','http://yelp.com/elementum/nullam/varius/nulla/facilisi/cras/non.jpg','31'),('25','https://mail.ru/odio/consequat/varius.png','74'),('25','https://mail.ru/odio/consequat/varius.png','07'),('25','https://mail.ru/odio/consequat/varius.png','48'),('25','https://mail.ru/odio/consequat/varius.png','93'),('25','https://mail.ru/odio/consequat/varius.png','98'),('25','https://mail.ru/odio/consequat/varius.png','64'),('25','https://mail.ru/odio/consequat/varius.png','05'),('25','https://mail.ru/odio/consequat/varius.png','55');
/*!40000 ALTER TABLE `family_folder` ENABLE KEYS */;
UNLOCK TABLES;

--
-- Table structure for table `insurance`
--

DROP TABLE IF EXISTS `insurance`;
/*!40101 SET @saved_cs_client     = @@character_set_client */;
/*!50503 SET character_set_client = utf8mb4 */;
CREATE TABLE `insurance` (
  `Person_id` varchar(9) DEFAULT NULL,
  `Policy_type` varchar(8) DEFAULT NULL,
  `Premium_amount` varchar(50) DEFAULT NULL,
  `Policy_term` varchar(50) DEFAULT NULL,
  `policy_taken_date` date DEFAULT NULL,
  `Sum_assured` varchar(50) DEFAULT NULL,
  `Policy_id` int DEFAULT NULL
) ENGINE=InnoDB DEFAULT CHARSET=utf8mb4 COLLATE=utf8mb4_0900_ai_ci;
/*!40101 SET character_set_client = @saved_cs_client */;

--
-- Dumping data for table `insurance`
--

LOCK TABLES `insurance` WRITE;
/*!40000 ALTER TABLE `insurance` DISABLE KEYS */;
INSERT INTO `insurance` VALUES ('1','Car','12704.69','42.33','2020-01-01','3739249.86',1),('2','Health','271539.92','0.07','2015-09-20','459321.61',2),('3','Property','840590.02','23.86','2010-05-05','1085822.94',3),('4','Motor','24585.57','18.96','2011-06-10','6834521.05',4),('5','Mobile','227192.94','48.23','2018-11-11','9260308.40',5),('6','Mobile','529201.87','31.12','2017-03-18','8494768.69',6),('7','Health','828904.78','41.91','2016-03-29','4634610.97',7),('8','Health','423280.57','90.35','2017-11-27','2355217.79',8),('9','Health','422836.86','71.69','2013-11-22','5897885.30',9),('10','Scooter','280794.98','73.87','2017-03-24','3802337.00',10),('11','Mobile','266205.46','12.43','2013-05-13','5621442.55',11),('12','Motor','141354.45','17.19','2016-01-31','93473.22',12),('13','Car','817945.02','4.79','2012-07-10','3840904.56',13),('14','Life','63430.01','6.34','2016-12-01','9526647.18',14),('15','Motor','169526.39','27.51','2018-05-25','3576868.56',15),('16','Motor','991431.24','77.66','2015-07-10','4080795.53',16),('17','Mobile','219859.25','12.43','2016-03-09','8070638.03',17),('18','Life','348369.64','48.36','2018-05-22','2860.58',18),('19','Mobile','521777.35','19.51','2016-07-05','3102000.21',19),('20','Property','272625.44','58.55','2015-06-26','3062328.74',20),('21','Life','651460.92','91.04','2014-08-12','8535682.13',21),('22','Motor','26640.93','54.14','2014-07-01','7781177.18',22),('23','Motor','361441.01','28.81','2019-07-15','290390.90',23),('24','Motor','330936.79','33.95','2016-05-31','7890286.59',24),('25','Property','868374.35','61.60','2011-04-17','2681301.28',25),('26','Motor','59652.48','81.93','2017-01-24','9583283.39',26),('27','Property','599853.90','85.21','2013-11-20','7090038.44',27),('28','Mobile','64172.80','69.65','2010-02-25','3038248.32',28),('29','Scooter','858223.20','39.59','2011-05-11','5055948.82',29),('30','Mobile','172660.79','47.16','2018-10-21','8485025.24',30),('31','Mobile','903372.65','28.94','2013-11-06','8755204.91',31),('32','Life','526262.19','73.74','2011-05-31','7246927.25',32),('33','Scooter','118788.25','45.66','2017-03-12','3492760.32',33),('34','Life','900722.05','75.51','2011-10-29','8769424.35',34),('35','Car','175311.13','67.65','2010-02-18','5037072.98',35),('36','Scooter','492516.38','79.81','2011-04-07','337017.74',36),('37','Health','597515.86','36.80','2018-12-03','5735803.77',37),('38','Life','243048.99','95.33','2018-01-13','5254765.38',38),('39','Life','212571.14','83.77','2016-11-15','4169347.46',39),('40','Life','670533.95','19.63','2010-05-24','7725653.69',40),('41','Mobile','605471.65','40.61','2012-12-23','1895674.21',41),('42','Property','488463.89','11.44','2014-01-08','8772665.73',42),('43','Health','866259.60','2.31','2019-01-12','6635517.03',43),('44','Mobile','974408.85','88.93','2015-09-14','8393616.91',44),('45','Health','345908.84','63.42','2019-05-21','579413.76',45),('46','Motor','905339.52','94.00','2017-03-21','5193258.55',46),('47','Scooter','768307.26','71.14','2015-06-25','7961949.22',47),('48','Health','61266.72','65.67','2013-03-29','8444653.85',48),('49','Life','693603.31','98.53','2017-02-14','6754449.34',49),('50','Mobile','377347.28','81.71','2015-08-01','3815739.11',50),('51','Life','137552.36','31.91','2011-01-19','1101332.86',51),('52','Scooter','708993.40','22.80','2018-07-16','3597388.83',52),('53','Motor','232905.53','23.51','2012-03-09','7539240.31',53),('54','Life','509820.49','70.52','2014-07-11','1178239.50',54),('55','Property','763159.83','90.71','2016-08-05','7760712.97',55),('56','Life','122453.55','90.21','2020-01-10','450310.66',56),('57','Motor','642241.95','77.96','2014-01-29','114124.68',57),('58','Life','814643.11','91.18','2019-02-07','5991601.26',58),('59','Health','243909.78','5.20','2010-05-13','1441369.36',59),('60','Motor','485503.39','89.44','2011-05-10','8429649.34',60),('61','Property','712437.58','19.83','2019-04-14','2902006.68',61),('62','Property','906794.95','59.44','2011-07-07','9239364.98',62),('63','Car','31914.74','54.52','2018-01-01','4438938.62',63),('64','Motor','71074.42','61.47','2017-04-02','4752371.62',64),('65','Life','910596.77','21.32','2011-12-28','1568103.83',65),('66','Car','324177.80','74.04','2018-07-16','2380987.09',66),('67','Scooter','140981.43','51.58','2011-07-08','2034102.00',67),('68','Mobile','752218.40','52.02','2014-03-08','8024260.12',68),('69','Property','332684.74','78.12','2015-03-27','5770613.48',69),('70','Life','376834.44','4.65','2012-08-21','9273515.06',70),('71','Life','182718.44','28.87','2015-02-04','1375356.97',71),('72','Life','105418.53','41.85','2011-08-14','7583622.10',72),('73','Scooter','881768.74','12.15','2011-06-21','5374850.21',73),('74','Life','16104.45','93.39','2017-02-24','9436737.95',74),('75','Health','352159.27','8.19','2017-09-09','1754121.06',75),('76','Life','276235.38','42.10','2012-07-18','589786.84',76),('77','Motor','171552.18','53.45','2016-07-19','3798647.73',77),('78','Life','538955.88','78.99','2013-02-13','2212186.82',78),('79','Motor','609041.77','57.94','2016-11-18','4307186.72',79),('80','Health','472023.37','19.39','2017-09-12','7583852.08',80),('81','Property','482355.32','29.27','2015-08-11','4975348.90',81),('82','Health','158236.58','8.16','2019-09-08','2200021.66',82),('83','Health','851948.76','35.28','2018-09-18','3075421.07',83),('84','Life','618134.64','80.84','2017-10-11','4927578.11',84),('85','Health','362535.43','95.86','2014-10-15','9544987.32',85),('86','Life','10099.20','17.60','2013-08-14','1095442.36',86),('87','Scooter','553063.78','51.44','2015-05-21','3638812.41',87),('88','Life','919153.80','18.15','2018-06-27','589515.72',88),('89','Car','468660.53','46.02','2016-09-27','9136869.59',89),('90','Property','942504.77','48.96','2014-10-16','6368206.05',90),('91','Mobile','399678.77','1.66','2010-07-01','9642748.24',91),('92','Mobile','636269.88','64.77','2018-07-04','9746407.40',92),('93','Scooter','327181.15','49.76','2019-02-17','9038692.58',93),('94','Mobile','645668.32','55.05','2013-09-02','5324543.65',94),('95','Car','892600.62','8.54','2013-06-23','7363399.43',95),('96','Motor','864208.71','0.07','2018-07-26','2529707.54',96),('97','Property','559103.64','13.72','2012-11-20','2889916.86',97),('98','Scooter','249540.91','21.92','2014-07-05','600838.29',98),('99','Life','101820.64','29.90','2011-04-13','5237487.86',99),('100','Health','202187.84','30.79','2012-05-14','6301878.64',100);
/*!40000 ALTER TABLE `insurance` ENABLE KEYS */;
UNLOCK TABLES;

--
-- Table structure for table `medical_sercives`
--

DROP TABLE IF EXISTS `medical_sercives`;
/*!40101 SET @saved_cs_client     = @@character_set_client */;
/*!50503 SET character_set_client = utf8mb4 */;
CREATE TABLE `medical_sercives` (
  `Person_id` varchar(9) DEFAULT NULL,
  `Patient_id` int DEFAULT NULL,
  `Hospital_name` varchar(50) DEFAULT NULL,
  `Consultant_name` varchar(50) DEFAULT NULL,
  `Total_fees` varchar(50) DEFAULT NULL,
  `Disease` varchar(17) DEFAULT NULL,
  `checkup_date` date DEFAULT NULL
) ENGINE=InnoDB DEFAULT CHARSET=utf8mb4 COLLATE=utf8mb4_0900_ai_ci;
/*!40101 SET character_set_client = @saved_cs_client */;

--
-- Dumping data for table `medical_sercives`
--

LOCK TABLES `medical_sercives` WRITE;
/*!40000 ALTER TABLE `medical_sercives` DISABLE KEYS */;
INSERT INTO `medical_sercives` VALUES ('1',1,'Deb USA, Inc.','Pollyanna St. Ledger','81.85','Typhoid Fever','2020-09-01'),('2',2,'The Mentholatum Company','Celesta Duker','1838.44','Smallpox','2020-08-01'),('3',3,'Davion, Inc','Cammi Doubrava','9052.91','Pneumonia','2020-08-03'),('4',4,'Arkansas Welding & Industrial Supply','Pet De Normanville','1243.57','Pneumonia','2020-06-23'),('5',5,'Carver Korea Co.,Ltd','Monica Drance','4088.48','Dengue','2020-09-18'),('6',6,'Novartis Consumer Health, Inc','Lindy Carcass','1824.63','Pneumonia','2020-07-07'),('7',7,'Laboratoires Boiron','Fredia Tiery','6167.46','Pneumonia','2020-10-28'),('8',8,'Allermed Laboratories, Inc.','Ursula Sheekey','8575.49','Pneumonia','2020-06-05'),('9',9,'VitaMed, LLC','Dugald Scatchar','3113.80','Pneumonia','2020-07-20'),('10',10,'Jubilant HollisterStier LLC','Elle Gisby','6118.38','Cancer','2020-12-24'),('11',11,'Glenmark Generics Inc.,USA','Derrek Harcus','6603.62','Arthritis','2020-10-10'),('12',12,'Roerig','Margarete Ruger','7715.39','Malaria','2020-04-14'),('13',13,'Aphena Pharma Solutions - Tennessee, LLC','Wandis Hendricks','9224.98','Pneumonia','2020-10-01'),('14',14,'Sun Products Corporation','Maxie Lindenberg','5609.30','Arthritis','2020-11-11'),('15',15,'Contract Pharmacal Corp','Steffie Margetts','2162.31','Tetanus Infection','2020-08-07'),('16',16,'ALK-Abello, Inc.','Bella Wyld','6240.95','Dengue','2020-07-29'),('17',17,'REMEDYREPACK INC.','Orelle Couche','2431.56','Dengue','2020-12-08'),('18',18,'Clinical Solutions Wholesale','Walt Boykett','1406.72','Smallpox','2020-12-12'),('19',19,'ALK-Abello, Inc.','Dolores Weaben','3896.49','Pneumonia','2020-10-28'),('20',20,'Medi-Physics Inc.','Lila Castagnaro','4178.90','Pneumonia','2020-05-01'),('21',21,'Merle Norman Cosmetics, Inc','Cynthie Shuker','3739.79','Malaria','2020-11-01'),('22',22,'ABC Compounding Co., Inc.','Vlad Cornill','8193.29','Corona','2020-04-25'),('23',23,'Sun Pharmaceutical Industries Limited','Philippe Swaton','7617.20','Pneumonia','2020-07-15'),('24',24,'Liddell Laboratories, Inc.','Horst Dillway','2889.92','Corona','2020-10-23'),('25',25,'GlaxoSmithKline LLC','Renie Lochead','7372.61','Cancer','2020-06-19'),('26',26,'Kosan Kozmetik Sanayi ve Ticaret A.S.','Abelard Yakobovitz','1017.40','Cancer','2020-05-19'),('27',27,'Lineage Therapeutics','Doro Dutnell','7842.26','Corona','2020-06-03'),('28',28,'Jets, Sets, & Elephants Beauty Corp.','Rosemaria Ham','3918.96','Cancer','2020-04-17'),('29',29,'HyVee Inc','Tania Masserel','5209.58','Pneumonia','2020-05-21'),('30',30,'Natural Health Supply','Cyril Gardner','9728.07','Pneumonia','2020-09-25'),('31',31,'PhotoMedex, Inc.','Clayton Cornehl','9822.08','Smallpox','2020-04-02'),('32',32,'Wal-Mart Stores, Inc.','Georgie Willoway','7625.07','Malaria','2020-08-16'),('33',33,'Mary Kay Inc.','Isac Rodbourne','9447.94','Dengue','2020-11-11'),('34',34,'Ventura Corporation (San Juan, P.R)','Jaymee Measham','6509.63','Typhoid Fever','2020-09-01'),('35',35,'Wah Sing Pharmaceutical Limited','Boy Odam','279.96','Arthritis','2020-08-25'),('36',36,'OUR FAMILY (Nash Finch Company)','Lizzie Crosio','6156.52','Pneumonia','2020-05-22'),('37',37,'Uriel Pharmacy Inc.','Tiffani Kneafsey','6773.24','Smallpox','2020-10-09'),('38',38,'Bryant Ranch Prepack','Thorndike Phonix','6805.44','Arthritis','2020-04-06'),('39',39,'Papermates, Inc. dba Noteworthy','Llewellyn Burnhard','6717.54','Pneumonia','2020-08-03'),('40',40,'Cantrell Drug Company','Antonetta Chotty','3137.35','Dengue','2020-08-12'),('41',41,'Whisk Products, Inc.','Wyndham Rentelll','5625.74','Typhoid Fever','2020-05-14'),('42',42,'Acme United Corporation','Lisha MacCaughey','6040.41','Cancer','2020-08-04'),('43',43,'International Beauty Exchange','Clarance Triplett','1162.74','Cancer','2020-04-12'),('44',44,'Uriel Pharmacy Inc.','Florenza Kinforth','8520.42','Tetanus Infection','2020-08-21'),('45',45,'JHP Pharmaceuticals, LLC','Raul Bolzmann','3334.73','Pneumonia','2020-09-30'),('46',46,'SAM\'S WEST INC','Jere Begin','9886.43','Pneumonia','2020-12-11'),('47',47,'Athlete\'s Needs Inc','Juli Hulburt','825.17','Pneumonia','2020-06-21'),('48',48,'Physicians Total Care, Inc.','Verney Patesel','426.15','Corona','2020-05-07'),('49',49,'General Injectables and Vaccines, Inc','Goldie Benkin','1026.11','Pneumonia','2020-08-22'),('50',50,'H E B','Worden Filipputti','2192.99','Smallpox','2020-08-04'),('51',51,'ALK-Abello, Inc.','Trevor MacGlory','154.30','Dengue','2020-08-10'),('52',52,'Carver Korea Co.,Ltd','Ulberto Linthead','9425.01','Arthritis','2020-08-26'),('53',53,'INDICUS PHARMA LLC','Alec Lindemann','6386.44','Smallpox','2020-05-28'),('54',54,'Apotex Corp.','Derby Kubacki','8674.53','Smallpox','2020-11-13'),('55',55,'Physicians Total Care, Inc.','Brnaby Ceschini','1566.22','Corona','2020-10-20'),('56',56,'AvPAK','Britte Dedney','1191.92','Dengue','2020-12-15'),('57',57,'Physicians Total Care, Inc.','Phillis Halhead','2246.65','Malaria','2020-10-28'),('58',58,'Wal-Mart Stores Inc','Deeanne Willowby','5989.39','Smallpox','2020-08-21'),('59',59,'Natural Creations, Inc.','Harbert Camber','2574.67','Dengue','2020-05-25'),('60',60,'Cintas First Aid & Safety','Parsifal Strickler','2235.99','Dengue','2020-07-06'),('61',61,'AbbVie Inc.','Elizabeth Hansie','9579.47','Smallpox','2020-09-07'),('62',62,'TYA Pharmaceuticals','Jacquette MacClenan','3475.99','Malaria','2020-07-06'),('63',63,'Teva Pharmaceuticals USA Inc','Bev Grzegorzewicz','8495.37','Tetanus Infection','2020-05-04'),('64',64,'Ascend Laboratories, LLC','Pet Dunn','3127.51','Dengue','2020-04-12'),('65',65,'Proficient Rx LP','Vail Tack','5343.23','Arthritis','2020-10-05'),('66',66,'BioActive Nutritional','Anabella Poli','1076.88','Arthritis','2020-04-03'),('67',67,'Cardinal Health','Larina Auton','4564.50','Typhoid Fever','2020-12-04'),('68',68,'Dolgencorp Inc','Ernesta Leahey','6291.05','Tetanus Infection','2020-07-06'),('69',69,'Physicians Total Care, Inc.','Andie Elt','9103.35','Tetanus Infection','2020-10-19'),('70',70,'Derby International LLC','Edwin Jemmett','8169.43','Corona','2020-09-16'),('71',71,'New World Imports, Inc','Alli Cruden','9526.57','Dengue','2020-10-03'),('72',72,'PD-Rx Pharmaceuticals, Inc.','Patric Gouldthorp','3701.63','Tetanus Infection','2020-06-18'),('73',73,'Philosophy, Inc.','Ally Seawright','1338.93','Smallpox','2020-05-22'),('74',74,'Bela Vida Holdings, LLC dba Body Time','Cynthie Makinson','3297.36','Corona','2020-06-29'),('75',75,'RedPharm Drug Inc.','Audre Mosby','6542.45','Arthritis','2020-12-14'),('76',76,'Roxane Laboratories, Inc','Pincus Cooley','5140.39','Pneumonia','2020-06-22'),('77',77,'WAL-MART STORES INC.','Sibylle Winchurst','9396.83','Pneumonia','2020-09-15'),('78',78,'Natural Health Supply','Bobbe Lantoph','7642.26','Smallpox','2020-05-03'),('79',79,'CVS Pharmacy','Haroun Ancliff','4053.63','Malaria','2020-04-28'),('80',80,'Uriel Pharmacy Inc.','Maribeth Hellcat','3035.06','Cancer','2020-11-04'),('81',81,'Physicians Total Care, Inc.','Carver Lasty','8600.93','Malaria','2020-11-10'),('82',82,'GlaxoSmithKline Consumer Healthcare LP','Lydon Dumper','9238.95','Malaria','2020-05-29'),('83',83,'Western Family Foods Inc','Blane Krysztofowicz','3515.01','Typhoid Fever','2020-11-20'),('84',84,'A-S Medication Solutions LLC','Dannie Lippo','9775.73','Dengue','2020-09-21'),('85',85,'A-S Medication Solutions LLC','Elfie Pinks','2737.39','Typhoid Fever','2020-07-04'),('86',86,'Liberty Pharmaceuticals, Inc.','Brewster Felkin','3449.93','Typhoid Fever','2020-05-17'),('87',87,'Nelco Laboratories, Inc.','Yetta Huckell','3427.69','Dengue','2020-12-05'),('88',88,'Major Pharmaceuticals','Gaultiero McLeish','9851.18','Pneumonia','2020-09-13'),('89',89,'Physicians Total Care, Inc.','Tibold Lavelle','8178.49','Tetanus Infection','2020-10-11'),('90',90,'Rebel Distributors Corp.','Nerita Oganian','5699.96','Malaria','2020-12-21'),('91',91,'Lancaster S.A.M.','Marnia Benedetti','5215.59','Typhoid Fever','2020-10-04'),('92',92,'Innovative Brands, LLC','Tore Pantin','6013.28','Cancer','2020-05-19'),('93',93,'HyVee Inc','Jerrold Everall','112.77','Arthritis','2020-11-16'),('94',94,'Bayer HealthCare Consumer Care','Fleming Mulkerrins','2317.50','Typhoid Fever','2020-04-08'),('95',95,'Bobbi Brown Professional Cosmetics Inc.','Kyle Yewdale','1539.02','Typhoid Fever','2020-07-14'),('96',96,'McKesson Contract Packaging','Zachery Jesse','6897.86','Tetanus Infection','2020-05-04'),('97',97,'Napoleon Perdis Cosmetics, Inc','Robb Booij','8456.44','Cancer','2020-07-25'),('98',98,'REMEDYREPACK INC.','Tansy Pluck','9805.93','Arthritis','2020-09-04'),('99',99,'Lannett Company, Inc.','Tanhya Grewar','5592.52','Malaria','2020-09-27'),('100',100,'Teva Pharmaceuticals USA Inc','Rory Adamo','9165.52','Malaria','2020-08-07');
/*!40000 ALTER TABLE `medical_sercives` ENABLE KEYS */;
UNLOCK TABLES;

--
-- Table structure for table `relation`
--

DROP TABLE IF EXISTS `relation`;
/*!40101 SET @saved_cs_client     = @@character_set_client */;
/*!50503 SET character_set_client = utf8mb4 */;
CREATE TABLE `relation` (
  `user_1_id` varchar(9) DEFAULT NULL,
  `user_2_id` varchar(9) DEFAULT NULL,
  `relation_type` varchar(7) DEFAULT NULL,
  `priority` int DEFAULT NULL
) ENGINE=InnoDB DEFAULT CHARSET=utf8mb4 COLLATE=utf8mb4_0900_ai_ci;
/*!40101 SET character_set_client = @saved_cs_client */;

--
-- Dumping data for table `relation`
--

LOCK TABLES `relation` WRITE;
/*!40000 ALTER TABLE `relation` DISABLE KEYS */;
INSERT INTO `relation` VALUES ('1','67','Sister',9),('2','38','Sister',4),('3','79','Brother',1),('4','16','Brother',7),('5','28','Brother',1),('6','16','Brother',1),('7','60','Sister',4),('8','66','Sister',10),('9','6','Brother',8),('10','78','Friend',8),('11','26','Brother',10),('12','59','Friend',9),('13','76','Sister',9),('14','70','Brother',9),('15','33','Friend',2),('16','99','Friend',6),('17','77','Brother',2),('18','50','Friend',1),('19','32','Friend',10),('20','63','Friend',8),('21','65','Sister',8),('22','45','Brother',9),('23','86','Brother',8),('24','11','Friend',6),('25','92','Sister',2),('26','16','Friend',6),('27','3','Brother',9),('28','71','Brother',4),('29','23','Sister',6),('30','16','Friend',4),('31','88','Friend',9),('32','49','Brother',1),('33','97','Friend',1),('34','100','Sister',8),('35','11','Sister',8),('36','20','Sister',3),('37','22','Friend',10),('38','100','Friend',10),('39','31','Brother',6),('40','17','Brother',6),('41','34','Friend',8),('42','33','Brother',5),('43','59','Friend',7),('44','60','Sister',1),('45','61','Brother',2),('46','14','Friend',9),('47','66','Friend',6),('48','37','Sister',6),('49','97','Friend',4),('50','72','Friend',7),('51','92','Brother',8),('52','30','Brother',1),('53','63','Brother',7),('54','15','Brother',3),('55','53','Friend',6),('56','15','Friend',8),('57','29','Sister',5),('58','58','Sister',7),('59','71','Sister',3),('60','30','Brother',8),('61','15','Friend',4),('62','69','Friend',7),('63','38','Brother',10),('64','77','Friend',2),('65','93','Sister',9),('66','100','Brother',6),('67','79','Friend',3),('68','72','Brother',6),('69','93','Friend',10),('70','49','Friend',5),('71','20','Sister',3),('72','13','Friend',5),('73','78','Brother',5),('74','41','Brother',3),('75','26','Sister',5),('76','88','Friend',4),('77','36','Friend',9),('78','68','Brother',8),('79','54','Sister',1),('80','69','Friend',7),('81','28','Brother',2),('82','17','Sister',9),('83','45','Sister',7),('84','80','Brother',10),('85','83','Friend',1),('86','100','Brother',2),('87','77','Brother',9),('88','67','Brother',4),('89','23','Brother',6),('90','87','Friend',1),('91','93','Sister',6),('92','48','Sister',6),('93','36','Brother',6),('94','82','Sister',7),('95','1','Brother',9),('96','40','Sister',10),('97','75','Sister',4),('98','29','Brother',5),('99','88','Brother',5),('100','35','Brother',2),('1','59','Friend',5),('2','3','Friend',10),('3','59','Brother',7),('4','98','Brother',6),('5','46','Friend',10),('6','70','Brother',3),('7','47','Sister',1),('8','38','Friend',4),('9','87','Friend',1),('10','99','Sister',2),('11','81','Friend',1),('12','17','Sister',2),('13','78','Sister',2),('14','70','Friend',10),('15','16','Friend',6),('16','37','Friend',9),('17','11','Sister',7),('18','69','Brother',1),('19','6','Sister',4),('20','30','Friend',8),('21','91','Brother',1),('22','71','Brother',6),('23','10','Brother',10),('24','72','Friend',2),('25','67','Brother',1),('26','47','Friend',10),('27','16','Sister',7),('28','46','Sister',1),('29','65','Friend',2),('30','31','Brother',3),('31','94','Sister',9),('32','15','Friend',2),('33','93','Friend',2),('34','28','Sister',2),('35','30','Sister',4),('36','35','Sister',3),('37','82','Brother',8),('38','34','Friend',2),('39','3','Sister',10),('40','66','Brother',8),('41','88','Brother',5),('42','35','Friend',7),('43','93','Friend',4),('44','100','Sister',8),('45','75','Sister',7),('46','51','Brother',3),('47','91','Sister',2),('48','78','Brother',2),('49','93','Brother',10),('50','93','Friend',10),('51','25','Friend',4),('52','60','Friend',4),('53','42','Brother',9),('54','16','Sister',9),('55','41','Sister',3),('56','72','Sister',2),('57','44','Sister',8),('58','15','Brother',1),('59','90','Sister',10),('60','31','Friend',9),('61','65','Brother',7),('62','73','Friend',1),('63','58','Friend',5),('64','78','Brother',1),('65','79','Brother',10),('66','3','Friend',3),('67','89','Brother',9),('68','47','Brother',4),('69','28','Sister',4),('70','66','Sister',4),('71','19','Sister',1),('72','74','Sister',4),('73','98','Brother',1),('74','90','Friend',4),('75','83','Sister',9),('76','86','Brother',4),('77','1','Brother',4),('78','92','Friend',2),('79','6','Friend',5),('80','31','Sister',8),('81','59','Friend',2),('82','79','Friend',3),('83','50','Brother',10),('84','28','Friend',8),('85','14','Brother',10),('86','10','Brother',4),('87','53','Friend',1),('88','16','Sister',4),('89','43','Sister',2),('90','20','Sister',9),('91','60','Brother',9),('92','55','Friend',7),('93','40','Sister',4),('94','65','Friend',8),('95','53','Friend',1),('96','79','Friend',3),('97','62','Friend',9),('98','20','Brother',3),('99','74','Brother',9),('100','54','Sister',5),('1','79','Friend',10),('2','45','Brother',4),('3','65','Friend',10),('4','57','Friend',10),('5','16','Sister',3),('6','51','Friend',8),('7','50','Sister',1),('8','32','Brother',7),('9','64','Friend',10),('10','98','Sister',8),('11','56','Brother',4),('12','47','Sister',3),('13','33','Sister',7),('14','57','Friend',8),('15','67','Brother',5),('16','70','Sister',1),('17','94','Sister',1),('18','35','Friend',2),('19','28','Sister',6),('20','57','Friend',7),('21','54','Friend',3),('22','59','Brother',8),('23','35','Brother',4),('24','61','Friend',6),('25','95','Sister',9),('26','36','Brother',1),('27','92','Sister',1),('28','59','Friend',9),('29','59','Brother',3),('30','64','Friend',10),('31','92','Brother',1),('32','15','Friend',10),('33','58','Sister',7),('34','80','Friend',10),('35','48','Friend',1),('36','34','Brother',6),('37','64','Sister',4),('38','77','Friend',7),('39','40','Friend',8),('40','32','Friend',5),('41','97','Sister',8),('42','31','Friend',6),('43','36','Friend',9),('44','85','Sister',4),('45','7','Friend',6),('46','4','Sister',4),('47','42','Sister',6),('48','30','Sister',6),('49','46','Friend',4),('50','25','Brother',6),('51','55','Brother',8),('52','76','Friend',6),('53','34','Sister',8),('54','74','Sister',10),('55','25','Brother',6),('56','75','Sister',7),('57','82','Friend',9),('58','67','Friend',8),('59','7','Sister',2),('60','33','Friend',1),('61','100','Brother',1),('62','32','Brother',6),('63','59','Sister',4),('64','11','Friend',2),('65','68','Friend',4),('66','64','Friend',7),('67','81','Friend',10),('68','40','Sister',10),('69','41','Friend',10),('70','10','Brother',8),('71','35','Friend',4),('72','39','Brother',6),('73','20','Brother',5),('74','40','Friend',10),('75','31','Friend',5),('76','18','Friend',1),('77','56','Sister',2),('78','20','Brother',4),('79','51','Friend',4),('80','68','Sister',7),('81','28','Sister',5),('82','88','Brother',1),('83','50','Brother',7),('84','23','Brother',7),('85','95','Brother',9),('86','11','Sister',1),('87','3','Sister',3),('88','34','Brother',5),('89','59','Sister',5),('90','9','Brother',9),('91','41','Sister',7),('92','6','Friend',10),('93','37','Friend',5),('94','89','Sister',7),('95','88','Brother',5),('96','79','Brother',8),('97','18','Sister',9),('98','48','Sister',3),('99','2','Sister',5),('100','7','Friend',9),('1','48','Sister',10),('2','95','Sister',10),('3','65','Brother',8),('4','63','Sister',6),('5','11','Sister',8),('6','99','Brother',1),('7','67','Sister',10),('8','99','Friend',5),('9','10','Friend',2),('10','22','Friend',5),('11','8','Sister',8),('12','51','Friend',2),('13','34','Sister',6),('14','2','Sister',1),('15','54','Sister',3),('16','80','Sister',4),('17','20','Brother',4),('18','91','Brother',6),('19','28','Friend',4),('20','8','Sister',6),('21','63','Brother',3),('22','27','Friend',9),('23','49','Friend',2),('24','54','Friend',4),('25','9','Friend',7),('26','51','Brother',3),('27','91','Sister',6),('28','57','Brother',5),('29','37','Sister',10),('30','40','Sister',5),('31','72','Brother',3),('32','36','Brother',4),('33','25','Sister',10),('34','83','Sister',4),('35','77','Brother',5),('36','83','Friend',2),('37','1','Friend',10),('38','17','Friend',4),('39','3','Friend',6),('40','5','Brother',8),('41','6','Brother',8),('42','40','Sister',7),('43','47','Brother',3),('44','53','Brother',5),('45','54','Brother',10),('46','29','Friend',6),('47','77','Friend',10),('48','50','Brother',9),('49','58','Brother',8),('50','82','Sister',9),('51','35','Sister',8),('52','90','Friend',10),('53','16','Sister',4),('54','45','Friend',3),('55','41','Brother',9),('56','28','Sister',9),('57','61','Friend',8),('58','19','Sister',4),('59','11','Brother',10),('60','58','Brother',8),('61','64','Brother',1),('62','17','Brother',5),('63','79','Sister',3),('64','15','Friend',1),('65','88','Brother',9),('66','8','Friend',9),('67','48','Brother',4),('68','99','Sister',4),('69','78','Brother',10),('70','45','Brother',2),('71','57','Friend',9),('72','35','Brother',3),('73','38','Sister',9),('74','82','Brother',3),('75','30','Friend',8),('76','61','Friend',2),('77','5','Sister',10),('78','46','Brother',2),('79','98','Brother',3),('80','18','Brother',6),('81','13','Friend',1),('82','18','Friend',2),('83','63','Brother',9),('84','78','Sister',2),('85','49','Sister',6),('86','97','Friend',7),('87','90','Brother',4),('88','72','Brother',4),('89','91','Brother',9),('90','6','Sister',8),('91','11','Sister',8),('92','65','Sister',1),('93','85','Friend',5),('94','74','Sister',9),('95','46','Sister',8),('96','33','Brother',4),('97','52','Friend',9),('98','87','Brother',7),('99','76','Brother',10),('100','67','Brother',5),('1','97','Sister',3),('2','75','Brother',3),('3','86','Sister',1),('4','80','Sister',3),('5','17','Friend',4),('6','6','Sister',2),('7','78','Brother',8),('8','74','Brother',10),('9','79','Brother',1),('10','89','Brother',7),('11','60','Sister',7),('12','26','Brother',8),('13','12','Brother',9),('14','28','Brother',9),('15','76','Brother',4),('16','34','Sister',2),('17','2','Brother',8),('18','42','Friend',2),('19','38','Sister',10),('20','97','Brother',5),('21','23','Friend',3),('22','75','Friend',8),('23','92','Sister',1),('24','77','Friend',10),('25','66','Sister',2),('26','35','Sister',7),('27','87','Friend',8),('28','100','Sister',1),('29','30','Sister',2),('30','20','Friend',5),('31','10','Friend',4),('32','38','Sister',7),('33','9','Sister',1),('34','16','Brother',8),('35','85','Sister',4),('36','15','Friend',6),('37','3','Sister',10),('38','23','Friend',2),('39','99','Sister',2),('40','31','Brother',10),('41','81','Brother',7),('42','39','Brother',8),('43','48','Friend',3),('44','99','Sister',5),('45','9','Friend',8),('46','67','Sister',6),('47','38','Friend',2),('48','92','Brother',10),('49','16','Brother',8),('50','91','Brother',9),('51','99','Friend',8),('52','43','Sister',1),('53','96','Sister',9),('54','97','Sister',9),('55','57','Friend',7),('56','54','Sister',8),('57','64','Sister',10),('58','3','Brother',1),('59','97','Friend',5),('60','9','Brother',2),('61','58','Sister',4),('62','56','Sister',2),('63','88','Brother',7),('64','76','Brother',9),('65','4','Friend',3),('66','17','Sister',6),('67','12','Brother',6),('68','54','Sister',9),('69','79','Brother',3),('70','65','Friend',4),('71','57','Brother',3),('72','32','Sister',5),('73','92','Brother',9),('74','12','Sister',7),('75','90','Brother',6),('76','3','Sister',9),('77','13','Brother',3),('78','78','Sister',8),('79','98','Sister',3),('80','75','Friend',1),('81','63','Friend',2),('82','82','Brother',2),('83','94','Friend',4),('84','71','Friend',1),('85','77','Friend',3),('86','68','Sister',1),('87','90','Sister',1),('88','40','Friend',3),('89','8','Friend',9),('90','27','Brother',9),('91','1','Brother',6),('92','40','Brother',5),('93','13','Brother',3),('94','7','Friend',10),('95','16','Friend',6),('96','24','Sister',7),('97','79','Sister',5),('98','93','Friend',2),('99','34','Sister',2),('100','98','Friend',4),('1','56','Brother',4),('2','83','Sister',1),('3','60','Friend',5),('4','60','Brother',6),('5','2','Brother',10),('6','9','Brother',10),('7','93','Brother',4),('8','5','Sister',1),('9','99','Brother',4),('10','5','Friend',5),('11','25','Sister',5),('12','52','Friend',5),('13','75','Friend',4),('14','5','Brother',4),('15','27','Sister',10),('16','74','Sister',7),('17','94','Sister',8),('18','22','Brother',5),('19','15','Brother',1),('20','27','Brother',8),('21','20','Friend',2),('22','27','Friend',2),('23','39','Friend',2),('24','60','Friend',1),('25','83','Sister',2),('26','80','Friend',7),('27','24','Brother',6),('28','18','Friend',10),('29','72','Brother',4),('30','67','Friend',2),('31','29','Brother',8),('32','36','Brother',8),('33','51','Friend',5),('34','94','Sister',9),('35','30','Sister',10),('36','42','Friend',7),('37','77','Brother',7),('38','53','Friend',1),('39','37','Friend',10),('40','38','Sister',9),('41','54','Sister',9),('42','42','Friend',4),('43','93','Brother',2),('44','70','Friend',8),('45','84','Sister',10),('46','44','Brother',9),('47','68','Brother',5),('48','49','Sister',10),('49','7','Sister',9),('50','81','Brother',9),('51','79','Friend',1),('52','9','Friend',7),('53','95','Friend',4),('54','3','Brother',6),('55','74','Sister',2),('56','66','Brother',8),('57','69','Friend',5),('58','57','Friend',9),('59','38','Brother',4),('60','100','Brother',3),('61','37','Brother',5),('62','24','Friend',6),('63','5','Brother',8),('64','39','Friend',6),('65','84','Sister',2),('66','8','Sister',9),('67','4','Friend',1),('68','29','Sister',5),('69','87','Friend',9),('70','36','Brother',8),('71','31','Friend',6),('72','86','Sister',10),('73','12','Friend',3),('74','16','Friend',1),('75','40','Sister',4),('76','60','Friend',7),('77','30','Brother',1),('78','92','Brother',2),('79','4','Brother',9),('80','86','Friend',7),('81','22','Friend',7),('82','93','Sister',4),('83','84','Brother',3),('84','1','Friend',4),('85','50','Sister',1),('86','57','Sister',6),('87','13','Sister',8),('88','34','Sister',10),('89','91','Brother',6),('90','14','Friend',4),('91','25','Brother',4),('92','74','Sister',3),('93','87','Brother',6),('94','70','Brother',6),('95','39','Sister',4),('96','78','Sister',7),('97','17','Sister',4),('98','46','Friend',1),('99','22','Sister',9),('100','59','Brother',6),('1','79','Friend',2),('2','71','Brother',5),('3','4','Brother',6),('4','72','Sister',3),('5','30','Friend',1),('6','98','Brother',5),('7','81','Friend',1),('8','16','Brother',9),('9','22','Sister',3),('10','51','Brother',9),('11','56','Brother',7),('12','60','Sister',6),('13','69','Sister',6),('14','89','Friend',3),('15','59','Sister',9),('16','50','Friend',5),('17','63','Sister',9),('18','82','Friend',5),('19','26','Sister',5),('20','47','Sister',2),('21','35','Friend',5),('22','59','Friend',1),('23','53','Friend',8),('24','40','Brother',10),('25','16','Sister',9),('26','98','Friend',10),('27','73','Brother',7),('28','72','Brother',4),('29','22','Friend',1),('30','56','Sister',7),('31','15','Sister',3),('32','97','Sister',1),('33','37','Friend',10),('34','19','Brother',2),('35','85','Sister',4),('36','40','Brother',8),('37','87','Sister',9),('38','74','Friend',7),('39','21','Sister',4),('40','10','Friend',3),('41','62','Sister',7),('42','95','Brother',1),('43','9','Sister',1),('44','23','Friend',8),('45','15','Friend',4),('46','88','Friend',3),('47','100','Sister',6),('48','42','Brother',5),('49','8','Sister',10),('50','82','Brother',6),('51','31','Sister',8),('52','13','Friend',1),('53','48','Friend',3),('54','82','Friend',2),('55','16','Friend',6),('56','18','Brother',6),('57','22','Sister',7),('58','66','Brother',6),('59','58','Sister',9),('60','99','Sister',9),('61','43','Friend',2),('62','39','Brother',9),('63','44','Friend',10),('64','69','Friend',1),('65','79','Brother',3),('66','58','Sister',9),('67','97','Sister',7),('68','84','Sister',8),('69','55','Sister',6),('70','62','Sister',10),('71','21','Sister',10),('72','63','Sister',4),('73','67','Sister',2),('74','87','Friend',2),('75','89','Brother',4),('76','27','Friend',8),('77','57','Sister',3),('78','66','Brother',9),('79','100','Brother',1),('80','56','Sister',1),('81','73','Friend',3),('82','67','Sister',5),('83','60','Sister',10),('84','57','Sister',8),('85','56','Brother',4),('86','1','Friend',10),('87','40','Sister',3),('88','93','Sister',3),('89','40','Brother',7),('90','36','Friend',3),('91','2','Sister',2),('92','19','Friend',6),('93','40','Sister',6),('94','11','Brother',10),('95','77','Sister',5),('96','64','Brother',7),('97','73','Sister',4),('98','91','Friend',9),('99','31','Sister',9),('100','90','Friend',3),('1','86','Friend',3),('2','51','Sister',7),('3','3','Sister',10),('4','40','Friend',7),('5','93','Friend',7),('6','2','Brother',2),('7','48','Friend',6),('8','69','Sister',7),('9','67','Sister',7),('10','71','Friend',3),('11','37','Sister',4),('12','74','Friend',6),('13','29','Brother',2),('14','66','Friend',10),('15','96','Friend',5),('16','62','Brother',8),('17','94','Sister',4),('18','89','Sister',7),('19','89','Sister',7),('20','21','Sister',6),('21','69','Friend',2),('22','19','Brother',2),('23','68','Friend',7),('24','48','Brother',9),('25','6','Sister',5),('26','7','Brother',4),('27','81','Sister',3),('28','36','Brother',4),('29','83','Sister',9),('30','60','Friend',1),('31','41','Sister',2),('32','16','Brother',3),('33','64','Brother',2),('34','45','Brother',4),('35','36','Friend',10),('36','70','Sister',7),('37','7','Friend',5),('38','91','Sister',9),('39','76','Sister',2),('40','22','Friend',6),('41','49','Friend',6),('42','59','Friend',10),('43','2','Sister',2),('44','95','Friend',3),('45','50','Friend',5),('46','57','Friend',7),('47','77','Sister',6),('48','49','Brother',7),('49','2','Sister',7),('50','36','Sister',10),('51','8','Brother',1),('52','21','Brother',10),('53','82','Sister',3),('54','61','Brother',8),('55','31','Sister',6),('56','53','Sister',2),('57','22','Brother',10),('58','68','Brother',2),('59','91','Sister',8),('60','84','Friend',4),('61','83','Friend',2),('62','29','Friend',1),('63','97','Friend',8),('64','29','Brother',1),('65','97','Brother',7),('66','63','Friend',5),('67','70','Sister',4),('68','93','Sister',3),('69','39','Brother',1),('70','87','Sister',1),('71','50','Friend',8),('72','95','Sister',9),('73','95','Sister',2),('74','29','Brother',9),('75','76','Sister',10),('76','48','Sister',7),('77','81','Sister',2),('78','12','Brother',4),('79','45','Sister',9),('80','73','Brother',6),('81','31','Brother',6),('82','10','Brother',3),('83','24','Brother',8),('84','20','Friend',7),('85','40','Brother',6),('86','64','Brother',10),('87','35','Brother',10),('88','46','Friend',1),('89','51','Brother',1),('90','32','Friend',8),('91','6','Friend',1),('92','50','Sister',10),('93','98','Sister',6),('94','62','Friend',4),('95','7','Sister',1),('96','3','Friend',6),('97','87','Sister',8),('98','76','Brother',6),('99','36','Brother',4),('100','63','Friend',6),('1','44','Friend',10),('2','84','Brother',4),('3','29','Friend',7),('4','86','Sister',2),('5','20','Friend',5),('6','40','Friend',8),('7','7','Brother',7),('8','40','Friend',8),('9','35','Brother',5),('10','73','Brother',1),('11','69','Brother',2),('12','8','Sister',7),('13','7','Friend',8),('14','6','Sister',9),('15','100','Friend',3),('16','11','Friend',3),('17','7','Friend',2),('18','79','Brother',1),('19','99','Brother',2),('20','12','Brother',5),('21','39','Friend',9),('22','13','Friend',1),('23','63','Sister',2),('24','29','Sister',7),('25','7','Brother',6),('26','63','Brother',8),('27','54','Brother',3),('28','21','Friend',8),('29','57','Sister',6),('30','98','Brother',9),('31','95','Friend',7),('32','22','Friend',7),('33','23','Brother',5),('34','47','Sister',5),('35','64','Sister',2),('36','47','Friend',10),('37','38','Brother',9),('38','72','Sister',6),('39','30','Friend',2),('40','25','Brother',7),('41','52','Brother',4),('42','50','Friend',9),('43','12','Friend',7),('44','91','Friend',1),('45','74','Friend',3),('46','84','Friend',2),('47','26','Sister',6),('48','44','Brother',4),('49','52','Friend',8),('50','13','Friend',8),('51','67','Brother',7),('52','50','Friend',4),('53','66','Brother',9),('54','53','Brother',9),('55','32','Sister',5),('56','57','Friend',10),('57','58','Friend',3),('58','35','Friend',4),('59','99','Sister',3),('60','8','Brother',7),('61','62','Brother',7),('62','10','Sister',6),('63','32','Friend',10),('64','42','Friend',10),('65','23','Sister',9),('66','5','Sister',1),('67','77','Friend',3),('68','45','Sister',4),('69','11','Sister',3),('70','83','Sister',1),('71','29','Friend',8),('72','65','Friend',2),('73','40','Friend',5),('74','6','Sister',4),('75','55','Friend',5),('76','55','Friend',10),('77','44','Brother',8),('78','92','Sister',9),('79','54','Friend',5),('80','87','Friend',5),('81','99','Friend',4),('82','67','Brother',9),('83','24','Friend',3),('84','2','Sister',2),('85','80','Brother',8),('86','36','Friend',2),('87','32','Sister',3),('88','5','Friend',1),('89','41','Friend',6),('90','84','Friend',9),('91','36','Sister',6),('92','78','Friend',2),('93','83','Sister',4),('94','21','Friend',2),('95','3','Friend',7),('96','79','Brother',2),('97','57','Friend',1),('98','60','Friend',2),('99','67','Friend',7),('100','7','Brother',8),('1','13','Brother',1),('2','26','Friend',5),('3','5','Brother',2),('4','63','Brother',9),('5','90','Sister',5),('6','23','Brother',1),('7','66','Sister',9),('8','39','Friend',8),('9','28','Brother',9),('10','29','Sister',7),('11','5','Friend',8),('12','53','Brother',7),('13','15','Sister',10),('14','11','Sister',2),('15','83','Friend',5),('16','32','Friend',2),('17','41','Sister',4),('18','50','Brother',3),('19','85','Sister',3),('20','55','Brother',8),('21','8','Friend',7),('22','28','Sister',5),('23','38','Friend',6),('24','58','Friend',2),('25','42','Brother',2),('26','28','Brother',2),('27','64','Friend',5),('28','77','Brother',9),('29','3','Sister',3),('30','86','Brother',2),('31','28','Sister',4),('32','94','Brother',1),('33','36','Sister',1),('34','79','Friend',10),('35','70','Friend',8),('36','82','Sister',5),('37','80','Friend',2),('38','17','Brother',2),('39','37','Friend',3),('40','90','Brother',6),('41','10','Sister',9),('42','83','Sister',9),('43','78','Brother',7),('44','36','Friend',4),('45','44','Brother',4),('46','49','Brother',3),('47','81','Brother',7),('48','3','Brother',10),('49','82','Brother',3),('50','49','Sister',8),('51','17','Brother',9),('52','52','Sister',4),('53','99','Friend',9),('54','75','Brother',6),('55','6','Sister',6),('56','73','Sister',4),('57','3','Sister',9),('58','52','Friend',8),('59','97','Brother',10),('60','10','Friend',5),('61','48','Brother',8),('62','52','Brother',7),('63','11','Friend',10),('64','49','Friend',8),('65','35','Friend',4),('66','31','Brother',2),('67','85','Brother',10),('68','6','Friend',6),('69','31','Sister',8),('70','84','Sister',8),('71','89','Sister',1),('72','76','Friend',6),('73','65','Friend',2),('74','14','Sister',2),('75','81','Sister',7),('76','39','Friend',9),('77','44','Brother',9),('78','25','Friend',9),('79','78','Brother',7),('80','39','Friend',7),('81','92','Sister',4),('82','99','Sister',4),('83','27','Brother',7),('84','80','Sister',3),('85','39','Friend',10),('86','83','Friend',1),('87','38','Sister',4),('88','76','Sister',9),('89','8','Brother',8),('90','7','Sister',8),('91','92','Friend',9),('92','19','Sister',6),('93','84','Sister',4),('94','100','Brother',3),('95','54','Brother',3),('96','66','Friend',8),('97','83','Sister',4),('98','44','Brother',2),('99','79','Friend',10),('100','33','Friend',2);
/*!40000 ALTER TABLE `relation` ENABLE KEYS */;
UNLOCK TABLES;

--
-- Table structure for table `school`
--

DROP TABLE IF EXISTS `school`;
/*!40101 SET @saved_cs_client     = @@character_set_client */;
/*!50503 SET character_set_client = utf8mb4 */;
CREATE TABLE `school` (
  `Person_id` varchar(9) DEFAULT NULL,
  `School_id` int DEFAULT NULL,
  `School` varchar(200) DEFAULT NULL,
  `Class` int DEFAULT NULL
) ENGINE=InnoDB DEFAULT CHARSET=utf8mb4 COLLATE=utf8mb4_0900_ai_ci;
/*!40101 SET character_set_client = @saved_cs_client */;

--
-- Dumping data for table `school`
--

LOCK TABLES `school` WRITE;
/*!40000 ALTER TABLE `school` DISABLE KEYS */;
INSERT INTO `school` VALUES ('31',1,'Columbia College Chicago',7),('28',2,'Universidade Catlica Dom Bosco',11),('52',3,'Heilongjiang University',8),('31',4,'Athens Laboratory of Business Administration (ALBA)',4),('15',5,'Lamar University',5),('88',6,'Universit de Ziguinchor',10),('17',7,'William Gilbert College',6),('82',8,'Tashkent University of Information Technologies',3),('36',9,'Illinois Institute of Technology',6),('25',10,'Northwestern University of the Philippines',6),('93',11,'Cyprus College',7),('100',12,'Eastern Washington University',6),('11',13,'Prague Institute of Chemical Technology',6),('95',14,'University for Humanistics (UH)',10),('35',15,'Lindsey Wilson College',3),('65',16,'Gonabad University of Medical Sciences',3),('64',17,'School of Pharmacy, University of London',2),('74',18,'Fachhochschule Ingolstadt',12),('56',19,'Technische Universitt Clausthal',6),('31',20,'University of Delhi',4),('11',21,'Sunchon National University',8),('11',22,'Higher School of Psychology',6),('75',23,'Universitas Darma Agung',2),('44',24,'Moscow State Academy of Applied Biotechnology',1),('99',25,'Universidad de Palermo',9),('56',26,'Iowa State University of Science and Technology',7),('29',27,'University of North Dakota',5),('32',28,'University of Basrah',1),('53',29,'Orkhon University',12),('76',30,'Regent International University',6),('68',31,'Pan African Christian University College',10),('99',32,'Tsuda College',10),('23',33,'Universidade Catlica de Moambique',10),('45',34,'Roosevelt University',9),('24',35,'Universidad Catlica Anselmo Llorente',7),('9',36,'Temple University School of Podiatric Medicine',12),('54',37,'Mu\' tah University',5),('56',38,'Holy Spirit University of Kaslik',9),('25',39,'University of North Carolina at Greensboro',3),('81',40,'International Sakharov Environmental University',5),('63',41,'Institute of Teachers Education, Sultan Mizan',10),('81',42,'Pacific Oaks College',6),('39',43,'Polish Open University in Warsaw (WSZ/POU)',8),('30',44,'Universidad Autnoma de Madrid',4),('37',45,'Tanta University',6),('96',46,'American University',9),('4',47,'Hanoi University of Mining and Geology',8),('45',48,'Central Buganda University',7),('71',49,'Schiller International University, Madrid',11),('4',50,'Tai Solarin University of Education',7),('33',51,'Detroit College of Law',10),('17',52,'Millsaps College',3),('64',53,'Fairleigh Dickinson University, Florham-Madison Campus',4),('21',54,'Auburn University at Montgomery',5),('41',55,'Muhlenberg College',12),('2',56,'Colorado State University-Pueblo',6),('48',57,'Chiba Keizai University',5),('32',58,'Universidad NUR',2),('19',59,'Technische Fachhochschule Berlin',8),('70',60,'State University of West Georgia',11),('54',61,'Universidad Carlos III de Madrid',6),('46',62,'National Kaohsiung University of Applied Sciences',9),('89',63,'Johnson & Wales University',9),('82',64,'University of Akron',8),('7',65,'Kentucky State University',10),('97',66,'Edith Cowan University',10),('23',67,'Visva-Bharati University',6),('65',68,'Loyola University of Chicago',4),('54',69,'University of East London',1),('28',70,'Jamia Millia Islamia University',6),('54',71,'Sabanci University',1),('26',72,'University Of Hawaii - System',8),('93',73,'Webber College',8),('90',74,'California State University, San Marcos',1),('46',75,'Pabna University of Science and Technology',6),('82',76,'Pukyong National University',12),('53',77,'Ohio State University - Newark',9),('81',78,'Universidad Centroamericana de Ciencias Empresariales (UCEM)',11),('70',79,'Holy Family College',5),('48',80,'Southwestern University',6),('61',81,'Singapore Management University',11),('40',82,'Universitt Duisburg-Essen',9),('28',83,'Oakton Community College',7),('33',84,'Nankai University',1),('3',85,'Eritrea Institute of Technology',3),('5',86,'Kaohsiung Medical College',6),('91',87,'Universidade Gregorio Semedo',8),('47',88,'Basilicata University Potenza',12),('23',89,'God\'s Bible School and College',9),('31',90,'University of Szeged',12),('8',91,'Kwame Nkrumah University of Science and Technology',1),('52',92,'University of Minnesota - Twin Cities Campus',1),('14',93,'Janus Pannonius University',11),('79',94,'Hampton College',10),('100',95,'Physical Education Academy in Wroclaw',6),('85',96,'The Bah\' Institute For Higher Education (BIHE)',3),('36',97,'Fachhochschule Wiesbaden',6),('60',98,'Toyama Prefectural University',8),('47',99,'Ecole Nationale Suprieur des Ingnieur des Etudes et Techniques d\'Armement',11),('90',100,'Universidad Interamericana de Puerto Rico, Bayamn',10);
/*!40000 ALTER TABLE `school` ENABLE KEYS */;
UNLOCK TABLES;

--
-- Table structure for table `social_media`
--

DROP TABLE IF EXISTS `social_media`;
/*!40101 SET @saved_cs_client     = @@character_set_client */;
/*!50503 SET character_set_client = utf8mb4 */;
CREATE TABLE `social_media` (
  `Person_id` varchar(9) DEFAULT NULL,
  `Social_network_service` varchar(9) DEFAULT NULL,
  `Handle` varchar(50) DEFAULT NULL
) ENGINE=InnoDB DEFAULT CHARSET=utf8mb4 COLLATE=utf8mb4_0900_ai_ci;
/*!40101 SET character_set_client = @saved_cs_client */;

--
-- Dumping data for table `social_media`
--

LOCK TABLES `social_media` WRITE;
/*!40000 ALTER TABLE `social_media` DISABLE KEYS */;
INSERT INTO `social_media` VALUES ('1','Snapchat','Ofbusj9'),('2','Instagram','Rsizqm2'),('3','Instagram','Bsongu7'),('4','Instagram','Zebwxr2'),('5','Snapchat','Scwiir2'),('6','Facebook','Qhgsmy7'),('7','Facebook','Soyjby2'),('8','Instagram','Zqfswh7'),('9','Instagram','Brzkyc1'),('10','Whatsapp','Qeomvv0'),('11','Instagram','Feuepk7'),('12','Instagram','Zaasdb6'),('13','Snapchat','Hypdtb2'),('14','Facebook','Dywxsg1'),('15','Instagram','Cxjfjr7'),('16','Snapchat','Frxvya6'),('17','Whatsapp','Pnixwh9'),('18','Snapchat','Dkpius1'),('19','Whatsapp','Inkycj6'),('20','Instagram','Kwtzzm6'),('21','Snapchat','Pclfma8'),('22','Instagram','Hqwurg3'),('23','Snapchat','Sebjnr5'),('24','Instagram','Pddixd0'),('25','Snapchat','Kqzdur5'),('26','Whatsapp','Zocgsg8'),('27','Instagram','Bojrbx1'),('28','Snapchat','Ouevho7'),('29','Instagram','Mgaxjn5'),('30','Whatsapp','Hbvufn8'),('31','Facebook','Eafwme2'),('32','Instagram','Utgdfj4'),('33','Whatsapp','Szvdcg2'),('34','Instagram','Zcvsae8'),('35','Instagram','Uzrcpe2'),('36','Snapchat','Beggsj8'),('37','Snapchat','Ejbska2'),('38','Instagram','Lnqltc0'),('39','Whatsapp','Xgyeen0'),('40','Facebook','Errdcx4'),('41','Instagram','Qnmfvc8'),('42','Instagram','Lxlocy3'),('43','Facebook','Qkjibr4'),('44','Whatsapp','Xlytnp9'),('45','Facebook','Xpslsg6'),('46','Facebook','Hesgvc4'),('47','Snapchat','Smjpzs1'),('48','Snapchat','Dzlydq1'),('49','Facebook','Taorxa1'),('50','Facebook','Lzcbmy3'),('51','Whatsapp','Blilnh0'),('52','Instagram','Tpgwga1'),('53','Facebook','Lwbmtq1'),('54','Whatsapp','Gsyvhw3'),('55','Snapchat','Ngadim0'),('56','Facebook','Exlelq9'),('57','Whatsapp','Qrmxcn6'),('58','Whatsapp','Bjfmor4'),('59','Instagram','Ocexlo1'),('60','Snapchat','Eothfy0'),('61','Whatsapp','Mnpuun7'),('62','Whatsapp','Giphou6'),('63','Facebook','Qabveo2'),('64','Whatsapp','Pdhbbj7'),('65','Facebook','Ltytil9'),('66','Snapchat','Gbnupj6'),('67','Facebook','Iyijuk1'),('68','Snapchat','Blwhng8'),('69','Facebook','Ypqfoq2'),('70','Instagram','Fxxgxb0'),('71','Instagram','Oxfsvc5'),('72','Facebook','Fcbfbv5'),('73','Snapchat','Mqihli1'),('74','Facebook','Buolrc2'),('75','Whatsapp','Tyihfd0'),('76','Snapchat','Dgfewa0'),('77','Snapchat','Zaeuxw4'),('78','Facebook','Afwoob9'),('79','Whatsapp','Rwoity2'),('80','Snapchat','Pvdllx9'),('81','Facebook','Ffhkgb4'),('82','Facebook','Pkkguz0'),('83','Facebook','Fbdaet5'),('84','Snapchat','Yjcwhi4'),('85','Facebook','Wvkuig6'),('86','Whatsapp','Etxttg8'),('87','Snapchat','Xaqlvy2'),('88','Facebook','Xounav6'),('89','Facebook','Ujsnvz4'),('90','Instagram','Jsmsfb8'),('91','Facebook','Jnzwea9'),('92','Facebook','Wxtvgf2'),('93','Facebook','Tplmkq5'),('94','Instagram','Xcummf6'),('95','Facebook','Fnlmll6'),('96','Snapchat','Ynolfj7'),('97','Facebook','Dqbyqj6'),('98','Facebook','Jhqwpo0'),('99','Facebook','Bpmalf1'),('100','Snapchat','Dqnond6');
/*!40000 ALTER TABLE `social_media` ENABLE KEYS */;
UNLOCK TABLES;

--
-- Table structure for table `subscription`
--

DROP TABLE IF EXISTS `subscription`;
/*!40101 SET @saved_cs_client     = @@character_set_client */;
/*!50503 SET character_set_client = utf8mb4 */;
CREATE TABLE `subscription` (
  `Person_id` varchar(9) DEFAULT NULL,
  `subscription_service` varchar(12) DEFAULT NULL,
  `Account_type` varchar(7) DEFAULT NULL,
  `Account_id` varchar(50) DEFAULT NULL
) ENGINE=InnoDB DEFAULT CHARSET=utf8mb4 COLLATE=utf8mb4_0900_ai_ci;
/*!40101 SET character_set_client = @saved_cs_client */;

--
-- Dumping data for table `subscription`
--

LOCK TABLES `subscription` WRITE;
/*!40000 ALTER TABLE `subscription` DISABLE KEYS */;
INSERT INTO `subscription` VALUES ('1','Amazon Prime','Trial','17-091-5297'),('2','Netflix','Premium','50-241-8799'),('3','Amazon Prime','Premium','34-159-3612'),('4','Amazon Prime','Trial','79-613-3135'),('5','Amazon Prime','Trial','76-931-1383'),('6','Netflix','Trial','27-165-2100'),('7','Amazon Prime','Trial','85-628-6852'),('8','Amazon Prime','Trial','22-982-3588'),('9','Netflix','Trial','98-183-8672'),('10','Amazon Prime','Trial','51-983-5214'),('11','Netflix','Trial','11-108-8720'),('12','Amazon Prime','Trial','76-559-7699'),('13','Netflix','Premium','04-275-8012'),('14','Netflix','Premium','94-813-8542'),('15','Amazon Prime','Premium','31-141-1362'),('16','Netflix','Trial','50-277-5777'),('17','Netflix','Premium','65-452-9217'),('18','Amazon Prime','Premium','11-920-9427'),('19','Netflix','Trial','20-398-1316'),('20','Netflix','Trial','21-601-3356'),('21','Amazon Prime','Trial','71-074-4959'),('22','Netflix','Premium','77-927-2652'),('23','Amazon Prime','Premium','09-922-8094'),('24','Amazon Prime','Trial','37-780-5884'),('25','Netflix','Premium','41-722-7292'),('26','Amazon Prime','Trial','01-350-2946'),('27','Netflix','Trial','43-140-4469'),('28','Amazon Prime','Premium','10-178-0412'),('29','Netflix','Trial','96-148-8439'),('30','Amazon Prime','Premium','73-698-6977'),('31','Netflix','Trial','14-088-9553'),('32','Amazon Prime','Premium','15-332-2761'),('33','Amazon Prime','Trial','81-512-4293'),('34','Amazon Prime','Trial','81-302-7130'),('35','Netflix','Premium','26-115-7386'),('36','Amazon Prime','Trial','06-276-9639'),('37','Netflix','Premium','57-404-2574'),('38','Amazon Prime','Trial','53-107-9072'),('39','Netflix','Premium','21-786-0750'),('40','Amazon Prime','Trial','60-543-4359'),('41','Amazon Prime','Trial','45-572-0632'),('42','Netflix','Trial','44-617-2502'),('43','Netflix','Trial','12-378-5470'),('44','Amazon Prime','Premium','03-321-7260'),('45','Netflix','Premium','99-712-9528'),('46','Netflix','Trial','48-467-9825'),('47','Amazon Prime','Trial','63-209-8250'),('48','Netflix','Trial','96-020-7220'),('49','Netflix','Premium','39-671-5875'),('50','Netflix','Trial','77-689-8091'),('51','Netflix','Premium','07-124-0928'),('52','Amazon Prime','Premium','28-247-9274'),('53','Netflix','Trial','99-701-4713'),('54','Netflix','Trial','80-300-7438'),('55','Netflix','Premium','63-407-8201'),('56','Amazon Prime','Premium','71-450-9541'),('57','Amazon Prime','Premium','16-372-3009'),('58','Amazon Prime','Premium','52-337-3729'),('59','Amazon Prime','Premium','28-541-8316'),('60','Amazon Prime','Trial','44-716-3211'),('61','Amazon Prime','Premium','29-265-8345'),('62','Amazon Prime','Trial','02-276-0074'),('63','Netflix','Trial','66-716-8227'),('64','Netflix','Trial','89-480-3374'),('65','Amazon Prime','Premium','11-267-5199'),('66','Netflix','Premium','50-742-2027'),('67','Netflix','Trial','54-773-1272'),('68','Netflix','Premium','16-367-7978'),('69','Amazon Prime','Premium','17-318-0402'),('70','Amazon Prime','Premium','29-164-6100'),('71','Netflix','Premium','00-759-0961'),('72','Amazon Prime','Trial','62-080-3535'),('73','Amazon Prime','Premium','05-359-1532'),('74','Amazon Prime','Trial','29-815-8631'),('75','Amazon Prime','Premium','90-581-1571'),('76','Amazon Prime','Premium','61-266-5159'),('77','Amazon Prime','Premium','20-954-1376'),('78','Netflix','Trial','21-683-4725'),('79','Amazon Prime','Trial','47-947-9034'),('80','Netflix','Premium','69-891-1198'),('81','Amazon Prime','Premium','84-987-5695'),('82','Netflix','Premium','76-477-3960'),('83','Amazon Prime','Premium','72-433-8750'),('84','Netflix','Premium','54-332-4515'),('85','Netflix','Trial','42-318-8810'),('86','Amazon Prime','Premium','30-172-4865'),('87','Amazon Prime','Trial','86-127-1937'),('88','Amazon Prime','Trial','78-406-6673'),('89','Amazon Prime','Premium','25-574-8164'),('90','Netflix','Premium','04-520-2623'),('91','Amazon Prime','Trial','17-668-3637'),('92','Netflix','Trial','87-655-6686'),('93','Netflix','Premium','59-433-5865'),('94','Netflix','Trial','35-669-4606'),('95','Amazon Prime','Premium','03-857-5630'),('96','Netflix','Trial','36-098-6587'),('97','Netflix','Trial','97-296-4704'),('98','Netflix','Premium','96-354-6560'),('99','Amazon Prime','Premium','44-340-1384'),('100','Amazon Prime','Trial','55-001-0690');
/*!40000 ALTER TABLE `subscription` ENABLE KEYS */;
UNLOCK TABLES;

--
-- Table structure for table `user_data`
--

DROP TABLE IF EXISTS `user_data`;
/*!40101 SET @saved_cs_client     = @@character_set_client */;
/*!50503 SET character_set_client = utf8mb4 */;
CREATE TABLE `user_data` (
  `Name` varchar(50) DEFAULT NULL,
  `Person_id` int DEFAULT NULL,
  `Age` int DEFAULT NULL,
  `Birthday` date DEFAULT NULL,
  `contact_no` varchar(50) DEFAULT NULL,
  `email_id` varchar(50) DEFAULT NULL,
  `Anniversery` date DEFAULT NULL,
  `Premium` varchar(50) DEFAULT NULL,
  `Validity` date DEFAULT NULL
) ENGINE=InnoDB DEFAULT CHARSET=utf8mb4 COLLATE=utf8mb4_0900_ai_ci;
/*!40101 SET character_set_client = @saved_cs_client */;

--
-- Dumping data for table `user_data`
--

LOCK TABLES `user_data` WRITE;
/*!40000 ALTER TABLE `user_data` DISABLE KEYS */;
INSERT INTO `user_data` VALUES ('Sioux Gloucester',1,23,'1974-11-22','9785503461','sgloucester0@bloomberg.com','1993-05-24','1','1985-09-26'),('Nessa Reeken',2,37,'1961-06-21','9410193122','nreeken1@i2i.jp','1993-09-27','1','1986-06-15'),('Sheffield Cammoile',3,19,'1979-09-02','9798964038','scammoile2@studiopress.com','1995-09-13','1','1981-07-03'),('Karina Stonard',4,27,'1967-02-10','9692863781','kstonard3@toplist.cz','1989-04-21','1','1990-01-21'),('Jocelin Gherardini',5,39,'1987-03-20','9337079499','jgherardini4@patch.com','1995-05-18','1','1994-01-29'),('Ephraim Lamers',6,27,'1992-03-03','9658323925','elamers5@cornell.edu','1986-05-26','0','1988-03-01'),('John Ricciardo',7,20,'1986-03-09','9417693505','jricciardo6@miitbeian.gov.cn','1985-06-27','0','1986-06-20'),('Dorrie Ibbett',8,22,'1996-11-25','9386169943','dibbett7@aol.com','1984-04-13','1','1990-01-01'),('Kingston Apark',9,47,'1972-12-02','9190187759','kapark8@networksolutions.com','1987-09-11','1','1985-11-12'),('Far Crat',10,46,'1964-03-26','9599496002','fcrat9@goo.ne.jp','1997-11-03','1','1993-09-17'),('Vinny Scorer',11,49,'1964-02-06','9152777554','vscorera@cargocollective.com','1985-07-26','1','1987-08-22'),('Brian McCutheon',12,21,'1992-08-22','9266520153','bmccutheonb@1und1.de','1996-05-14','0','1989-02-19'),('Vaclav Goodenough',13,37,'1977-04-19','9225481162','vgoodenoughc@squidoo.com','1983-12-05','0','1996-07-11'),('Gussie Connichie',14,39,'1960-07-14','9265943433','gconnichied@list-manage.com','1990-02-25','1','1992-01-14'),('Frederique Colliford',15,34,'1979-12-17','9026707658','fcolliforde@domainmarket.com','1986-07-17','0','1986-10-30'),('Layne Terne',16,27,'1995-11-08','9512252621','lternef@omniture.com','1995-12-23','0','1980-07-18'),('Ynez Entreis',17,48,'1991-09-25','9175661031','yentreisg@ebay.co.uk','1986-08-26','1','1996-04-25'),('Fayina Dursley',18,19,'1969-09-23','9734670565','fdursleyh@surveymonkey.com','1983-04-26','0','1990-04-01'),('Saunders Rubury',19,52,'1987-07-13','9555640041','sruburyi@jigsy.com','1981-09-30','0','1995-07-09'),('Nalani Leythley',20,23,'1988-03-24','9858286853','nleythleyj@devhub.com','1985-03-22','1','1987-07-13'),('Eustace Swindlehurst',21,33,'1977-04-12','9696216878','eswindlehurstk@harvard.edu','1997-09-14','0','1988-05-14'),('Virgie Chase',22,56,'1974-08-04','9202389635','vchasel@cisco.com','1987-05-14','1','1981-05-24'),('Jaimie Partener',23,57,'1997-12-21','9367742837','jpartenerm@skyrock.com','1991-11-14','0','1999-10-10'),('Nonie Gerok',24,54,'1967-08-05','9680433251','ngerokn@techcrunch.com','1989-07-21','1','1981-07-25'),('Neddy Burrow',25,18,'1990-06-20','9936003956','nburrowo@ow.ly','1985-06-02','0','1980-10-05'),('Quintin Loughton',26,26,'1980-09-16','9877660779','qloughtonp@indiatimes.com','1997-08-02','0','1981-11-30'),('Amitie Pendlebery',27,57,'1981-05-02','9061854849','apendleberyq@scientificamerican.com','1983-06-27','1','1997-10-07'),('Griff Brandom',28,23,'1988-01-20','9673047614','gbrandomr@businessinsider.com','1992-03-31','0','1987-09-28'),('Carena O\'Loughlin',29,41,'1984-09-01','9264799211','coloughlins@nydailynews.com','1998-02-20','1','1995-09-13'),('Cassaundra Garlett',30,23,'1998-12-14','9880255444','cgarlettt@oakley.com','1989-10-07','0','1983-12-23'),('Adena Warr',31,36,'1967-04-20','9435931905','awarru@princeton.edu','1980-05-19','0','1991-01-15'),('Edin Moohan',32,36,'1971-01-29','9975827762','emoohanv@g.co','1982-09-13','0','1996-04-07'),('Rolfe Swanton',33,33,'1987-06-11','9672795773','rswantonw@macromedia.com','1991-07-10','0','1989-09-06'),('Anton Grevile',34,48,'1975-03-16','9264695822','agrevilex@meetup.com','1982-01-01','0','1996-02-15'),('Katine Gianelli',35,45,'1990-01-15','9589679019','kgianelliy@google.nl','1995-05-28','1','1990-04-30'),('Hannah Lodford',36,27,'1973-07-17','9361770318','hlodfordz@utexas.edu','1994-11-15','1','1989-11-06'),('Michel Surmeyer',37,46,'1969-09-30','9286132816','msurmeyer10@pagesperso-orange.fr','1987-01-15','0','1995-04-21'),('Mareah Flancinbaum',38,31,'1973-12-16','9438055924','mflancinbaum11@theglobeandmail.com','1992-02-14','1','1982-04-29'),('Tamiko Whitney',39,52,'1996-01-06','9750090185','twhitney12@fc2.com','1989-04-02','1','1998-03-03'),('Kiah McCaughan',40,60,'1984-12-23','9014533504','kmccaughan13@bluehost.com','1981-01-07','1','1999-08-04'),('Julita Carnow',41,57,'1987-01-30','9928129229','jcarnow14@youku.com','1987-03-01','1','1998-05-02'),('Hamel Wurz',42,52,'1986-01-28','9542681376','hwurz15@newyorker.com','1986-04-13','1','1985-01-12'),('Elie Southcott',43,23,'1968-06-18','9536855403','esouthcott16@prweb.com','1994-06-09','0','1981-06-15'),('Laurette Vasyukov',44,33,'1975-05-10','9363486387','lvasyukov17@about.com','1981-11-10','1','1990-10-14'),('Marcellina Gallifont',45,60,'1993-04-09','9343577714','mgallifont18@npr.org','1984-03-25','0','1993-05-07'),('Evvy Fritter',46,27,'1975-09-02','9027611976','efritter19@disqus.com','1985-07-28','0','1983-02-18'),('Franciska Patzelt',47,36,'1992-05-28','9416105901','fpatzelt1a@blogs.com','1993-07-10','0','1994-09-11'),('Cecilla Doleman',48,60,'1990-03-24','9491770851','cdoleman1b@marriott.com','1992-03-15','0','1989-10-05'),('Sandie Bessett',49,21,'1982-01-08','9868962950','sbessett1c@phoca.cz','1980-11-10','0','1998-08-24'),('Clea Dibben',50,41,'1978-10-19','9609184972','cdibben1d@nytimes.com','1993-12-28','0','1990-08-03'),('Donalt Peres',51,44,'1993-05-18','9715198014','dperes1e@sakura.ne.jp','1981-02-11','1','1984-07-18'),('Mollee Caulket',52,56,'1975-08-21','9122346119','mcaulket1f@privacy.gov.au','1996-03-01','0','1984-07-27'),('Vinson Apperley',53,49,'1998-06-02','9779915763','vapperley1g@engadget.com','1984-04-22','0','1999-04-06'),('Vernon Ogger',54,44,'1997-03-01','9791531435','vogger1h@dion.ne.jp','1989-06-14','0','1987-06-25'),('Lek Stichall',55,47,'1994-03-06','9195760534','lstichall1i@cnn.com','1993-02-05','1','1984-11-27'),('Goldy Vigors',56,29,'1967-12-02','9480223314','gvigors1j@studiopress.com','1982-02-27','0','1998-07-26'),('Amalia Dupree',57,28,'1988-04-24','9120030137','adupree1k@dedecms.com','1989-02-25','1','1992-12-17'),('Bret Curtayne',58,55,'1971-11-11','9159757333','bcurtayne1l@ezinearticles.com','1991-01-17','1','1982-12-13'),('Michaella Groven',59,33,'1997-04-06','9548719684','mgroven1m@google.pl','1997-02-24','1','1985-01-18'),('Ddene Elster',60,41,'1987-04-03','9591157149','delster1n@nytimes.com','1981-04-21','0','1982-05-06'),('Ernest Baffin',61,22,'1968-04-06','9756939531','ebaffin1o@storify.com','1980-10-06','0','1981-10-25'),('Alexis Keningley',62,28,'1975-12-05','9330629236','akeningley1p@flickr.com','1986-02-10','1','1995-01-13'),('Penny Bence',63,50,'1992-01-21','9716090311','pbence1q@timesonline.co.uk','1986-10-04','1','1985-06-11'),('Lukas Wylder',64,31,'1977-04-17','9632412793','lwylder1r@sogou.com','1981-07-29','1','1985-11-26'),('Scarface Liversley',65,28,'1988-04-06','9696215172','sliversley1s@woothemes.com','1998-02-13','1','1993-02-19'),('Alverta Toffalo',66,55,'1986-11-30','9978881157','atoffalo1t@businessinsider.com','1995-01-20','1','1985-11-04'),('Cathee Wong',67,36,'1971-02-12','9233721771','cwong1u@salon.com','1999-07-01','0','1987-04-27'),('Brice Peniman',68,25,'1989-11-10','9938942438','bpeniman1v@liveinternet.ru','1993-09-10','1','1989-12-19'),('Mary Speedy',69,46,'1988-12-28','9629231924','mspeedy1w@sina.com.cn','1984-03-26','0','1998-03-30'),('Alexis Broy',70,49,'1982-05-08','9105834515','abroy1x@adobe.com','1996-08-31','1','1999-04-01'),('Else Antonias',71,32,'1980-02-28','9413223245','eantonias1y@zimbio.com','1990-08-03','1','1998-07-03'),('Bar Burwin',72,25,'1983-07-17','9233488747','bburwin1z@apple.com','1993-10-02','0','1986-06-29'),('Arleta Titterington',73,33,'1960-07-02','9649210962','atitterington20@cloudflare.com','1987-10-21','1','1998-04-30'),('Garald Stoppard',74,29,'1970-05-06','9661865883','gstoppard21@barnesandnoble.com','1988-04-24','0','1995-05-13'),('Dido Forestall',75,56,'1986-10-29','9334352397','dforestall22@japanpost.jp','1996-11-13','1','1987-08-26'),('Rosalinda Larchiere',76,41,'1967-04-18','9447910524','rlarchiere23@unc.edu','1984-04-10','0','1999-01-09'),('Georgeanna Hewson',77,41,'1977-08-04','9428491778','ghewson24@technorati.com','1980-01-05','0','1980-05-08'),('Roxana Kapiloff',78,43,'1973-03-20','9021575635','rkapiloff25@devhub.com','1994-01-30','1','1985-01-19'),('Madlen Widdowfield',79,52,'1966-11-11','9297133183','mwiddowfield26@ifeng.com','1993-02-28','1','1981-06-04'),('Malynda McGorley',80,60,'1963-08-11','9195139626','mmcgorley27@typepad.com','1997-02-18','0','1996-09-17'),('Henry Misselbrook',81,27,'1988-06-11','9414029301','hmisselbrook28@mapy.cz','1995-06-12','0','1996-09-28'),('Maighdiln Rubinsohn',82,49,'1992-04-18','9457774141','mrubinsohn29@army.mil','1985-02-07','1','1999-02-28'),('Zsa zsa Othen',83,20,'1981-10-08','9188990114','zzsa2a@goo.gl','1986-11-22','1','1994-01-19'),('Berton Snoxell',84,47,'1974-09-04','9406065371','bsnoxell2b@wordpress.org','1997-04-22','1','1985-09-02'),('Diarmid Braker',85,26,'1975-05-22','9135333741','dbraker2c@intel.com','1995-11-11','0','1996-04-10'),('Nickola Brownjohn',86,44,'1962-02-09','9475174070','nbrownjohn2d@sakura.ne.jp','1995-11-10','1','1984-03-01'),('Pris Tortoise',87,42,'1975-01-07','9802143119','ptortoise2e@msn.com','1998-03-24','1','1991-12-15'),('Constantina Richt',88,20,'1989-05-09','9146299742','cricht2f@pcworld.com','1987-06-06','1','1994-12-30'),('Randy Smallpeice',89,57,'1973-01-15','9054152251','rsmallpeice2g@patch.com','1982-03-10','1','1994-11-07'),('Loralee Hillitt',90,28,'1998-08-25','9551929183','lhillitt2h@omniture.com','1988-01-24','0','1989-05-11'),('Tessi Cantera',91,44,'1989-11-19','9565543575','tcantera2i@senate.gov','1980-03-27','1','1990-07-14'),('Daloris Wile',92,48,'1994-10-23','9760935581','dwile2j@acquirethisname.com','1985-04-24','0','1984-06-20'),('Melodee Novakovic',93,34,'1970-09-08','9342863707','mnovakovic2k@jugem.jp','1996-08-08','0','1986-11-28'),('Benedicta Mattiacci',94,30,'1982-12-21','9316159175','bmattiacci2l@pbs.org','1998-09-28','0','1986-01-02'),('Steffie Ventum',95,29,'1971-06-25','9383153869','sventum2m@ovh.net','1983-11-09','1','1998-11-04'),('Marsha Proudlock',96,39,'1994-04-13','9441770684','mproudlock2n@usatoday.com','1982-03-17','1','1994-09-04'),('Lynne Margery',97,38,'1976-05-04','9236944061','lmargery2o@wp.com','1987-09-02','0','1992-08-22'),('Stepha Stott',98,51,'1974-08-24','9704048639','sstott2p@imdb.com','1984-12-26','0','1994-05-02'),('Jillene Gauden',99,51,'1963-03-23','9619995925','jgauden2q@posterous.com','1998-01-15','0','1997-12-15'),('Aili Chetham',100,45,'1974-07-02','9454776659','achetham2r@163.com','1982-12-20','1','1994-11-13');
/*!40000 ALTER TABLE `user_data` ENABLE KEYS */;
UNLOCK TABLES;
/*!40103 SET TIME_ZONE=@OLD_TIME_ZONE */;

/*!40101 SET SQL_MODE=@OLD_SQL_MODE */;
/*!40014 SET FOREIGN_KEY_CHECKS=@OLD_FOREIGN_KEY_CHECKS */;
/*!40014 SET UNIQUE_CHECKS=@OLD_UNIQUE_CHECKS */;
/*!40101 SET CHARACTER_SET_CLIENT=@OLD_CHARACTER_SET_CLIENT */;
/*!40101 SET CHARACTER_SET_RESULTS=@OLD_CHARACTER_SET_RESULTS */;
/*!40101 SET COLLATION_CONNECTION=@OLD_COLLATION_CONNECTION */;
/*!40111 SET SQL_NOTES=@OLD_SQL_NOTES */;

-- Dump completed on 2020-04-24 15:42:51
